distance,robot_vel,angle,rpm,cost
1.5,-4.5,45.0,3359.7,0.091336
1.5,-4.3163,45.0,3283.84,0.089663
1.5,-4.1327,45.0,3210.86,0.088476
1.5,-3.949,45.2206,3145.12,0.086954
1.5,-3.7653,45.0,3074.34,0.086005
1.5,-3.5816,45.8822,3024.3,0.085813
1.5,-3.398,45.5514,2958.33,0.085555
1.5,-3.2143,46.5439,2910.1,0.085501
1.5,-3.0306,47.6466,2863.87,0.085576
1.5,-2.8469,48.6391,2816.57,0.085382
1.5,-2.6633,49.7419,2771.35,0.08531
1.5,-2.4796,52.2782,2751.77,0.085217
1.5,-2.2959,53.4912,2710.75,0.085113
1.5,-2.1122,54.7043,2670.08,0.084931
1.5,-1.9286,55.9173,2629.71,0.084671
1.5,-1.7449,57.2406,2592.54,0.084516
1.5,-1.5612,58.5639,2555.76,0.084281
1.5,-1.3776,59.8872,2519.31,0.083968
1.5,-1.1939,61.3208,2486.45,0.083754
1.5,-1.0102,62.7544,2454.03,0.083463
1.5,-0.8265,64.188,2422.01,0.083096
1.5,-0.6429,65.7318,2394.04,0.082831
1.5,-0.4592,67.2757,2366.63,0.082494
1.5,-0.2755,68.8195,2339.72,0.082088
1.5,-0.0918,70.4737,2317.51,0.081796
1.5,0.0918,72.1278,2296.06,0.081443
1.5,0.2755,73.782,2275.33,0.081036
1.5,0.4592,75.4361,2255.27,0.080575
1.5,0.6429,77.2005,2241.07,0.080263
1.5,0.8265,78.9649,2228.02,0.079917
1.5,1.0102,80.7293,2216.14,0.079545
1.5,1.1939,82.4937,2205.45,0.079153
1.5,1.3776,84.2581,2196.01,0.078746
1.5,1.5612,86.1328,2195.0,0.078581
1.5,1.7449,87.8972,2188.71,0.078181
1.5,1.9286,88.6692,2125.52,0.078138
1.5847,-4.5,45.0,3395.95,0.094776
1.5847,-4.3163,45.0,3319.65,0.093245
1.5847,-4.1327,45.1103,3248.87,0.091446
1.5847,-3.949,45.0,3176.14,0.090268
1.5847,-3.7653,45.6617,3121.44,0.08969
1.5847,-3.5816,45.3308,3050.29,0.088794
1.5847,-3.398,46.3233,3002.38,0.088787
1.5847,-3.2143,47.3158,2954.84,0.088713
1.5847,-3.0306,48.3083,2907.61,0.088573
1.5847,-2.8469,49.411,2862.83,0.088554
1.5847,-2.6633,50.5138,2818.45,0.088464
1.5847,-2.4796,51.6165,2774.42,0.088303
1.5847,-2.2959,52.7193,2730.7,0.08807
1.5847,-2.1122,53.9323,2689.75,0.087944
1.5847,-1.9286,55.1454,2649.18,0.087798
1.5847,-1.7449,56.4687,2611.66,0.087643
1.5847,-1.5612,57.792,2574.62,0.087464
1.5847,-1.3776,59.1153,2538.0,0.08721
1.5847,-1.1939,60.5489,2504.81,0.08705
1.5847,-1.0102,61.8722,2468.97,0.086645
1.5847,-0.8265,63.416,2439.99,0.086503
1.5847,-0.6429,64.8496,2408.26,0.086119
1.5847,-0.4592,66.3935,2380.48,0.085833
1.5847,-0.2755,67.9373,2353.3,0.085478
1.5847,-0.0918,70.8045,2376.0,0.085173
1.5847,0.0918,71.1353,2304.59,0.084743
1.5847,0.2755,72.7895,2283.33,0.084373
1.5847,0.4592,74.5539,2267.39,0.084127
1.5847,0.6429,76.208,2247.82,0.083658
1.5847,0.8265,77.9724,2234.0,0.08333
1.5847,1.0102,79.7368,2221.39,0.082973
1.5847,1.1939,81.5013,2210.0,0.082592
1.5847,1.3776,83.2657,2199.86,0.082193
1.5847,1.5612,85.0301,2191.03,0.081783
1.5847,1.7449,86.9048,2190.49,0.081605
1.5847,1.9286,88.6692,2184.95,0.081207
1.5847,2.1122,88.2281,2073.91,0.083684
1.6695,-4.5,45.0,3431.09,0.098253
1.6695,-4.3163,45.0,3354.66,0.096129
1.6695,-4.1327,45.0,3281.46,0.094825
1.6695,-3.949,45.5514,3223.52,0.094041
1.6695,-3.7653,45.1103,3145.14,0.092453
1.6695,-3.5816,45.0,3079.73,0.092213
1.6695,-3.398,45.7719,3028.24,0.091853
1.6695,-3.2143,46.6541,2978.7,0.091634
1.6695,-3.0306,47.7569,2933.14,0.091728
1.6695,-2.8469,48.7494,2886.14,0.09157
1.6695,-2.6633,49.8521,2841.48,0.091528
1.6695,-2.4796,50.9549,2797.25,0.091418
1.6695,-2.2959,52.0576,2753.4,0.091239
1.6695,-2.1122,53.2707,2712.18,0.091164
1.6695,-1.9286,54.4837,2671.44,0.091016
1.6695,-1.7449,55.6967,2631.1,0.090796
1.6695,-1.5612,57.0201,2593.72,0.090671
1.6695,-1.3776,58.3434,2556.85,0.090472
1.6695,-1.1939,59.6667,2520.44,0.090199
1.6695,-1.0102,61.1003,2487.35,0.090016
1.6695,-0.8265,62.5338,2454.84,0.089759
1.6695,-0.6429,63.9674,2422.84,0.089431
1.6695,-0.4592,65.5113,2394.62,0.089193
1.6695,-0.2755,68.3784,2410.7,0.088729
1.6695,-0.0918,68.599,2340.18,0.088515
1.6695,0.0918,71.5764,2365.82,0.088112
1.6695,0.2755,73.2306,2346.83,0.087817
1.6695,0.4592,74.8847,2328.64,0.087476
1.6695,0.6429,75.2155,2255.13,0.087093
1.6695,0.8265,78.193,2294.53,0.086673
1.6695,1.0102,79.9574,2284.82,0.086434
1.6695,1.1939,81.6115,2269.87,0.085956
1.6695,1.3776,83.3759,2262.65,0.085688
1.6695,1.5612,84.0376,2194.63,0.085286
1.6695,1.7449,85.802,2186.46,0.084874
1.6695,1.9286,87.6767,2186.45,0.084686
1.6695,2.1122,88.3383,2124.85,0.085181
1.6695,2.2959,88.8897,2070.69,0.087262
1.7542,-4.5,45.0,3465.93,0.10124
1.7542,-4.3163,45.0,3389.67,0.09963
1.7542,-4.1327,45.3308,3324.57,0.098376
1.7542,-3.949,45.0,3244.73,0.096611
1.7542,-3.7653,45.0,3177.5,0.096064
1.7542,-3.5816,45.5514,3121.45,0.095342
1.7542,-3.398,45.1103,3052.7,0.09477
1.7542,-3.2143,46.1028,3004.62,0.094782
1.7542,-3.0306,47.0952,2957.0,0.094732
1.7542,-2.8469,48.0877,2909.79,0.094621
1.7542,-2.6633,49.1905,2864.79,0.094625
1.7542,-2.4796,50.2932,2820.29,0.094562
1.7542,-2.2959,51.396,2776.25,0.094432
1.7542,-2.1122,52.609,2734.7,0.094404
1.7542,-1.9286,53.7118,2691.52,0.09414
1.7542,-1.7449,55.0351,2653.19,0.094137
1.7542,-1.5612,57.6817,2645.61,0.093889
1.7542,-1.3776,59.005,2609.91,0.093693
1.7542,-1.1939,60.3283,2574.56,0.093427
1.7542,-1.0102,61.7619,2543.0,0.093258
1.7542,-0.8265,63.1955,2511.94,0.09302
1.7542,-0.6429,64.6291,2481.32,0.092714
1.7542,-0.4592,66.0627,2451.08,0.092343
1.7542,-0.2755,67.6065,2425.25,0.092075
1.7542,-0.0918,69.1504,2400.0,0.091746
1.7542,0.0918,70.6942,2375.29,0.09136
1.7542,0.2755,72.3484,2355.74,0.091094
1.7542,0.4592,74.0025,2337.05,0.090781
1.7542,0.6429,75.6566,2319.19,0.090426
1.7542,0.8265,77.3108,2302.14,0.090032
1.7542,1.0102,78.9649,2285.87,0.089602
1.7542,1.1939,80.7293,2276.46,0.089347
1.7542,1.3776,82.4937,2268.52,0.089082
1.7542,1.5612,84.1479,2255.18,0.088586
1.7542,1.7449,85.9123,2249.96,0.08831
1.7542,1.9286,87.6767,2246.48,0.088047
1.7542,2.1122,88.4486,2182.92,0.087819
1.7542,2.2959,87.6767,2070.92,0.091359
1.7542,2.4796,88.8897,2049.02,0.098202
1.839,-4.5,45.0,3500.35,0.10466
1.839,-4.3163,45.2206,3430.33,0.103111
1.839,-4.1327,45.0,3349.71,0.101226
1.839,-3.949,45.0,3278.98,0.100276
1.839,-3.7653,45.4411,3219.47,0.099359
1.839,-3.5816,45.0,3145.36,0.098234
1.839,-3.398,45.9925,3097.81,0.098285
1.839,-3.2143,45.5514,3030.64,0.097964
1.839,-3.0306,46.5439,2982.77,0.097952
1.839,-2.8469,47.5363,2935.38,0.097881
1.839,-2.6633,48.5288,2888.43,0.097752
1.839,-2.4796,49.6316,2843.6,0.097732
1.839,-2.2959,50.7343,2799.29,0.097648
1.839,-2.1122,51.8371,2755.47,0.0975
1.839,-1.9286,53.0501,2714.05,0.09745
1.839,-1.7449,54.2632,2673.21,0.097331
1.839,-1.5612,57.0201,2665.09,0.097092
1.839,-1.3776,58.3434,2629.17,0.096943
1.839,-1.1939,59.6667,2593.69,0.096724
1.839,-1.0102,60.99,2558.59,0.096439
1.839,-0.8265,62.4236,2527.2,0.096245
1.839,-0.6429,63.8571,2496.34,0.095986
1.839,-0.4592,65.2907,2465.93,0.095661
1.839,-0.2755,66.7243,2435.94,0.095274
1.839,-0.0918,68.2682,2410.26,0.094985
1.839,0.0918,69.812,2385.19,0.094639
1.839,0.2755,71.4662,2365.04,0.094401
1.839,0.4592,73.1203,2345.81,0.094117
1.839,0.6429,74.6642,2322.64,0.093617
1.839,0.8265,76.4286,2309.98,0.09342
1.839,1.0102,78.0827,2293.34,0.093015
1.839,1.1939,79.7368,2277.52,0.092578
1.839,1.3776,81.5013,2268.47,0.092309
1.839,1.5612,83.2657,2260.92,0.092032
1.839,1.7449,85.0301,2254.97,0.091755
1.839,1.9286,86.7945,2250.71,0.091486
1.839,2.1122,88.5589,2248.31,0.091234
1.839,2.2959,88.0075,2124.31,0.092403
1.839,2.4796,88.3383,2067.85,0.095021
1.9237,-4.5,45.1103,3537.63,0.108012
1.9237,-4.3163,45.0,3457.36,0.106069
1.9237,-4.1327,45.0,3383.55,0.10478
1.9237,-3.949,45.3308,3319.95,0.103636
1.9237,-3.7653,45.0,3243.46,0.102261
1.9237,-3.5816,45.0,3178.5,0.102103
1.9237,-3.398,45.4411,3121.66,0.101252
1.9237,-3.2143,45.0,3056.81,0.101178
1.9237,-3.0306,47.3158,3025.23,0.101072
1.9237,-2.8469,48.4185,2980.55,0.101157
1.9237,-2.6633,49.411,2934.22,0.101009
1.9237,-2.4796,48.9699,2867.21,0.100928
1.9237,-2.2959,51.6165,2846.99,0.100869
1.9237,-2.1122,52.7193,2803.95,0.100704
1.9237,-1.9286,53.9323,2763.73,0.100639
1.9237,-1.7449,55.0351,2721.37,0.100347
1.9237,-1.5612,56.3584,2684.61,0.10031
1.9237,-1.3776,57.5714,2645.61,0.100048
1.9237,-1.1939,58.8947,2609.81,0.099876
1.9237,-1.0102,60.218,2574.48,0.099639
1.9237,-0.8265,61.6516,2542.7,0.099489
1.9237,-0.6429,62.9749,2508.24,0.099121
1.9237,-0.4592,64.5188,2480.89,0.098994
1.9237,-0.2755,65.9524,2450.74,0.098652
1.9237,-0.0918,67.4962,2424.74,0.098402
1.9237,0.0918,69.0401,2399.43,0.098096
1.9237,0.2755,70.584,2374.75,0.097734
1.9237,0.4592,72.2381,2354.93,0.097477
1.9237,0.6429,73.782,2331.56,0.097015
1.9237,0.8265,75.4361,2313.37,0.096669
1.9237,1.0102,77.2005,2301.02,0.096454
1.9237,1.1939,78.8546,2284.84,0.096041
1.9237,1.3776,80.619,2275.05,0.095779
1.9237,1.5612,82.2732,2260.88,0.095316
1.9237,1.7449,84.0376,2253.79,0.095029
1.9237,1.9286,85.802,2248.33,0.094744
1.9237,2.1122,87.5664,2244.61,0.09447
1.9237,2.2959,88.2281,2181.24,0.094613
1.9237,2.4796,88.6692,2118.65,0.095729
1.9237,2.6633,89.0,2065.19,0.098717
2.0085,-4.5,45.0,3567.36,0.111127
2.0085,-4.3163,45.0,3490.77,0.109537
2.0085,-4.1327,45.2206,3422.46,0.108127
2.0085,-3.949,45.0,3344.86,0.106587
2.0085,-3.7653,45.0,3276.44,0.105977
2.0085,-3.5816,45.3308,3215.9,0.104946
2.0085,-3.398,45.0,3147.42,0.10443
2.0085,-3.2143,45.8822,3098.04,0.104314
2.0085,-3.0306,46.7644,3048.97,0.104146
2.0085,-2.8469,47.7569,3002.04,0.104094
2.0085,-2.6633,48.8596,2957.45,0.104156
2.0085,-2.4796,49.8521,2911.33,0.10399
2.0085,-2.2959,50.9549,2867.65,0.10393
2.0085,-2.1122,52.0576,2824.39,0.103809
2.0085,-1.9286,53.2707,2783.83,0.103784
2.0085,-1.7449,54.3734,2741.39,0.10354
2.0085,-1.5612,55.5865,2701.73,0.103389
2.0085,-1.3776,56.9098,2665.09,0.103327
2.0085,-1.1939,58.1228,2626.33,0.103048
2.0085,-1.0102,59.4461,2590.7,0.102856
2.0085,-0.8265,60.8797,2558.48,0.102747
2.0085,-0.6429,62.203,2523.87,0.102427
2.0085,-0.4592,63.6366,2492.81,0.102191
2.0085,-0.2755,65.1805,2465.62,0.10204
2.0085,-0.0918,66.614,2435.76,0.101682
2.0085,0.0918,68.1579,2409.98,0.101413
2.0085,0.2755,69.7018,2384.9,0.101088
2.0085,0.4592,72.6792,2414.63,0.100778
2.0085,0.6429,72.8997,2340.81,0.100435
2.0085,0.8265,75.8772,2377.18,0.100109
2.0085,1.0102,76.208,2304.35,0.099757
2.0085,1.1939,79.1855,2348.58,0.099492
2.0085,1.3776,79.6266,2276.66,0.099104
2.0085,1.5612,81.391,2267.3,0.09883
2.0085,1.7449,83.1554,2259.47,0.098547
2.0085,1.9286,84.9198,2253.25,0.098262
2.0085,2.1122,86.5739,2242.21,0.09778
2.0085,2.2959,88.4486,2246.08,0.097717
2.0085,2.4796,89.0,2178.35,0.09787
2.0085,2.6633,87.787,2065.74,0.102933
2.0085,2.8469,88.4486,2034.11,0.11056
2.0932,-4.5,45.0,3600.34,0.114528
2.0932,-4.3163,45.0,3523.3,0.113032
2.0932,-4.1327,45.0,3449.08,0.11117
2.0932,-3.949,45.0,3377.59,0.110188
2.0932,-3.7653,45.3308,3315.43,0.109138
2.0932,-3.5816,45.0,3242.06,0.108132
2.0932,-3.398,45.7719,3190.79,0.107869
2.0932,-3.2143,45.3308,3122.07,0.10738
2.0932,-3.0306,46.213,3072.89,0.107249
2.0932,-2.8469,47.2055,3025.72,0.107233
2.0932,-2.6633,48.198,2979.0,0.107162
2.0932,-2.4796,49.3008,2934.53,0.107197
2.0932,-2.2959,50.2932,2888.66,0.107016
2.0932,-2.1122,51.396,2845.14,0.106935
2.0932,-1.9286,52.609,2804.17,0.106949
2.0932,-1.7449,53.7118,2761.59,0.106749
2.0932,-1.5612,54.9248,2721.67,0.10664
2.0932,-1.3776,56.1378,2682.24,0.106469
2.0932,-1.1939,57.4612,2645.76,0.106382
2.0932,-1.0102,60.218,2645.57,0.106174
2.0932,-0.8265,60.1078,2574.56,0.106019
2.0932,-0.6429,61.4311,2539.74,0.105745
2.0932,-0.4592,62.8647,2508.32,0.10555
2.0932,-0.2755,65.8421,2523.29,0.105279
2.0932,-0.0918,67.2757,2494.81,0.104948
2.0932,0.0918,68.8195,2470.99,0.10472
2.0932,0.2755,70.3634,2447.85,0.104442
2.0932,0.4592,71.9073,2425.37,0.104116
2.0932,0.6429,73.4511,2403.48,0.103744
2.0932,0.8265,75.1053,2387.28,0.1035
2.0932,1.0102,76.6491,2366.7,0.103049
2.0932,1.1939,78.3033,2352.23,0.10274
2.0932,1.3776,79.9574,2338.77,0.102407
2.0932,1.5612,80.3985,2268.84,0.102204
2.0932,1.7449,83.3759,2321.58,0.10189
2.0932,1.9286,83.9273,2252.61,0.101628
2.0932,2.1122,85.6917,2246.94,0.101336
2.0932,2.2959,87.4561,2243.02,0.101052
2.0932,2.4796,88.0075,2179.85,0.101556
2.0932,2.6633,88.3383,2118.56,0.103168
2.0932,2.8469,88.4486,2063.12,0.106692
2.0932,3.0306,88.8897,2028.13,0.114511
2.178,-4.5,45.1103,3636.48,0.117914
2.178,-4.3163,45.0,3555.82,0.115985
2.178,-4.1327,45.0,3481.53,0.114681
2.178,-3.949,45.2206,3414.84,0.113391
2.178,-3.7653,45.0,3340.1,0.112178
2.178,-3.5816,45.0,3273.84,0.111894
2.178,-3.398,45.3308,3214.76,0.110933
2.178,-3.2143,45.0,3149.12,0.110813
2.178,-3.0306,45.7719,3098.47,0.110543
2.178,-2.8469,46.6541,3049.57,0.110394
2.178,-2.6633,47.6466,3002.62,0.110357
2.178,-2.4796,48.6391,2956.12,0.110267
2.178,-2.2959,49.7419,2911.81,0.110279
2.178,-2.1122,50.8446,2868.05,0.110234
2.178,-1.9286,51.9474,2824.8,0.110132
2.178,-1.7449,53.0501,2782.03,0.109973
2.178,-1.5612,54.2632,2741.79,0.109903
2.178,-1.3776,55.4762,2702.11,0.109773
2.178,-1.1939,58.2331,2697.0,0.109543
2.178,-1.0102,59.5564,2662.41,0.109394
2.178,-0.8265,60.8797,2628.29,0.109185
2.178,-0.6429,62.3133,2597.99,0.109065
2.178,-0.4592,63.6366,2564.77,0.108738
2.178,-0.2755,65.0702,2535.52,0.108501
2.178,-0.0918,66.5038,2506.79,0.108208
2.178,0.0918,68.0476,2482.52,0.10801
2.178,0.2755,69.4812,2454.82,0.107612
2.178,0.4592,71.0251,2431.83,0.107314
2.178,0.6429,72.6792,2414.07,0.107127
2.178,0.8265,74.2231,2392.56,0.106743
2.178,1.0102,75.8772,2376.67,0.106483
2.178,1.1939,77.5313,2361.82,0.106193
2.178,1.3776,79.1855,2348.01,0.105878
2.178,1.5612,80.8396,2335.25,0.105542
2.178,1.7449,82.4937,2323.55,0.105189
2.178,1.9286,84.2581,2319.59,0.105024
2.178,2.1122,85.9123,2310.48,0.10466
2.178,2.2959,86.4637,2241.14,0.104447
2.178,2.4796,88.2281,2237.86,0.10416
2.178,2.6633,88.7794,2177.06,0.104876
2.178,2.8469,87.2356,2064.24,0.11097
2.178,3.0306,87.4561,2026.24,0.119117
2.2627,-4.5,45.0,3664.82,0.121019
2.2627,-4.3163,45.0,3587.95,0.119426
2.2627,-4.1327,45.2206,3519.58,0.118076
2.2627,-3.949,45.0,3441.08,0.11651
2.2627,-3.7653,45.0,3371.79,0.115819
2.2627,-3.5816,45.2206,3308.59,0.11467
2.2627,-3.398,45.0,3240.55,0.114195
2.2627,-3.2143,45.6617,3187.78,0.113787
2.2627,-3.0306,45.2206,3122.68,0.113696
2.2627,-2.8469,46.1028,3073.63,0.11358
2.2627,-2.6633,47.0952,3026.39,0.113572
2.2627,-2.4796,48.0877,2979.67,0.113515
2.2627,-2.2959,50.6241,2957.23,0.113506
2.2627,-2.1122,50.183,2889.31,0.113397
2.2627,-1.9286,52.8296,2872.09,0.113329
2.2627,-1.7449,54.0426,2832.63,0.113306
2.2627,-1.5612,55.1454,2791.03,0.113075
2.2627,-1.3776,56.3584,2752.43,0.112936
2.2627,-1.1939,57.5714,2714.24,0.112738
2.2627,-1.0102,58.8947,2679.36,0.112626
2.2627,-0.8265,60.218,2645.01,0.112456
2.2627,-0.6429,61.5414,2611.14,0.112226
2.2627,-0.4592,62.9749,2581.03,0.112082
2.2627,-0.2755,64.2982,2548.08,0.111739
2.2627,-0.0918,65.7318,2519.04,0.111482
2.2627,0.0918,67.2757,2494.29,0.111315
2.2627,0.2755,68.7093,2466.42,0.110953
2.2627,0.4592,70.2531,2443.07,0.110686
2.2627,0.6429,71.797,2420.44,0.110373
2.2627,0.8265,73.4511,2402.99,0.110167
2.2627,1.0102,74.995,2381.89,0.109773
2.2627,1.1939,76.6491,2366.35,0.109498
2.2627,1.3776,78.3033,2351.87,0.109195
2.2627,1.5612,79.9574,2338.47,0.10887
2.2627,1.7449,81.6115,2326.14,0.108525
2.2627,1.9286,83.3759,2321.08,0.10835
2.2627,2.1122,85.0301,2311.33,0.107988
2.2627,2.2959,86.7945,2309.77,0.107828
2.2627,2.4796,88.4486,2302.9,0.107472
2.2627,2.6633,87.6767,2173.96,0.108473
2.2627,2.8469,87.8972,2114.78,0.11058
2.2627,3.0306,87.8972,2061.61,0.114781
2.2627,3.2143,88.1178,2025.12,0.123453
2.3475,-4.5,45.0,3696.64,0.124406
2.3475,-4.3163,45.0,3619.34,0.122889
2.3475,-4.1327,45.0,3544.7,0.121091
2.3475,-3.949,45.0,3472.62,0.120058
2.3475,-3.7653,45.2206,3407.48,0.118873
2.3475,-3.5816,45.0,3335.44,0.117968
2.3475,-3.398,45.6617,3282.19,0.117578
2.3475,-3.2143,45.2206,3211.8,0.116933
2.3475,-3.0306,46.1028,3162.88,0.116847
2.3475,-2.8469,45.5514,3097.92,0.116789
2.3475,-2.6633,46.5439,3050.35,0.116809
2.3475,-2.4796,49.0802,3023.93,0.116772
2.3475,-2.2959,50.0727,2978.41,0.116645
2.3475,-2.1122,51.1754,2935.4,0.116618
2.3475,-1.9286,52.2782,2892.85,0.116536
2.3475,-1.7449,53.381,2850.71,0.116399
2.3475,-1.5612,54.594,2811.42,0.116352
2.3475,-1.3776,55.6967,2770.08,0.116105
2.3475,-1.1939,56.9098,2731.67,0.115945
2.3475,-1.0102,58.2331,2696.45,0.115869
2.3475,-0.8265,59.5564,2661.82,0.115734
2.3475,-0.6429,60.8797,2627.74,0.115543
2.3475,-0.4592,62.203,2594.14,0.115294
2.3475,-0.2755,63.6366,2564.24,0.115128
2.3475,-0.0918,64.9599,2531.6,0.11477
2.3475,0.0918,66.5038,2506.33,0.114632
2.3475,0.2755,67.9373,2478.23,0.114306
2.3475,0.4592,69.4812,2454.47,0.114069
2.3475,0.6429,71.0251,2431.49,0.113785
2.3475,0.8265,72.5689,2409.26,0.113458
2.3475,1.0102,74.2231,2392.15,0.113235
2.3475,1.1939,75.7669,2371.49,0.11283
2.3475,1.3776,77.4211,2356.34,0.112542
2.3475,1.5612,79.0752,2342.28,0.112228
2.3475,1.7449,80.7293,2329.32,0.111894
2.3475,1.9286,82.4937,2323.21,0.111713
2.3475,2.1122,84.1479,2312.81,0.111355
2.3475,2.2959,85.9123,2310.09,0.111179
2.3475,2.4796,87.5664,2302.52,0.110821
2.3475,2.6633,88.1178,2236.8,0.110939
2.3475,2.8469,88.4486,2171.32,0.111849
2.3475,3.0306,88.6692,2113.97,0.114202
2.3475,3.2143,88.5589,2059.33,0.118613
2.3475,3.398,88.6692,2022.13,0.127655
2.4322,-4.5,45.0,3727.79,0.127813
2.4322,-4.3163,45.0,3650.69,0.125903
2.4322,-4.1327,45.0,3576.02,0.124567
2.4322,-3.949,45.2206,3509.13,0.123331
2.4322,-3.7653,45.0,3433.36,0.122057
2.4322,-3.5816,45.0,3366.15,0.121645
2.4322,-3.398,45.2206,3304.51,0.120577
2.4322,-3.2143,45.0,3238.96,0.120424
2.4322,-3.0306,45.6617,3186.79,0.120042
2.4322,-2.8469,46.5439,3138.11,0.119938
2.4322,-2.6633,47.5363,3091.54,0.119942
2.4322,-2.4796,48.5288,3045.42,0.119896
2.4322,-2.2959,49.5213,2999.73,0.119802
2.4322,-2.1122,50.6241,2956.44,0.119805
2.4322,-1.9286,51.6165,2911.55,0.119611
2.4322,-1.7449,52.8296,2871.35,0.119652
2.4322,-1.5612,53.9323,2829.48,0.119496
2.4322,-1.3776,55.1454,2790.37,0.119427
2.4322,-1.1939,56.3584,2751.8,0.119301
2.4322,-1.0102,57.5714,2713.71,0.119121
2.4322,-0.8265,58.7845,2676.06,0.118886
2.4322,-0.6429,60.1078,2641.59,0.118731
2.4322,-0.4592,61.4311,2607.68,0.118521
2.4322,-0.2755,62.8647,2577.32,0.118388
2.4322,-0.0918,65.7318,2591.08,0.118148
2.4322,0.0918,67.1654,2563.96,0.117901
2.4322,0.2755,67.1654,2490.28,0.117668
2.4322,0.4592,70.1429,2515.69,0.117412
2.4322,0.6429,71.6867,2494.82,0.117179
2.4322,0.8265,71.797,2420.13,0.116907
2.4322,1.0102,73.3409,2398.32,0.116566
2.4322,1.1939,76.3183,2436.64,0.116258
2.4322,1.3776,76.5388,2361.4,0.115914
2.4322,1.5612,78.193,2346.67,0.115614
2.4322,1.7449,81.1704,2397.07,0.115423
2.4322,1.9286,81.6115,2325.94,0.115107
2.4322,2.1122,83.2657,2314.89,0.114755
2.4322,2.2959,85.0301,2311.07,0.114568
2.4322,2.4796,86.6842,2302.8,0.11421
2.4322,2.6633,88.4486,2302.69,0.114046
2.4322,2.8469,88.8897,2232.47,0.114142
2.4322,3.0306,87.5664,2115.18,0.118228
2.4322,3.2143,87.3459,2060.57,0.122966
2.4322,3.398,87.3459,2023.0,0.132502
2.5169,-4.5,45.0,3758.91,0.130935
2.5169,-4.3163,45.0,3681.79,0.129322
2.5169,-4.1327,45.2206,3613.28,0.128022
2.5169,-3.949,45.0,3533.99,0.126414
2.5169,-3.7653,45.0,3464.02,0.125637
2.5169,-3.5816,45.2206,3400.37,0.124544
2.5169,-3.398,45.0,3330.9,0.123932
2.5169,-3.2143,45.6617,3278.18,0.12357
2.5169,-3.0306,45.1103,3209.25,0.123104
2.5169,-2.8469,45.9925,3160.39,0.123028
2.5169,-2.6633,46.985,3113.5,0.123057
2.5169,-2.4796,47.9774,3067.13,0.12304
2.5169,-2.2959,48.9699,3021.22,0.122976
2.5169,-2.1122,49.9624,2975.75,0.122864
2.5169,-1.9286,51.0652,2932.61,0.122846
2.5169,-1.7449,52.1679,2890.0,0.122776
2.5169,-1.5612,53.2707,2847.87,0.122655
2.5169,-1.3776,54.4837,2808.4,0.122618
2.5169,-1.1939,55.6967,2769.52,0.122528
2.5169,-1.0102,56.9098,2731.18,0.122383
2.5169,-0.8265,58.1228,2693.33,0.122185
2.5169,-0.6429,59.4461,2658.55,0.122063
2.5169,-0.4592,62.3133,2664.9,0.121861
2.5169,-0.2755,63.6366,2632.79,0.121605
2.5169,-0.0918,65.0702,2604.82,0.121438
2.5169,0.0918,66.5038,2577.46,0.121221
2.5169,0.2755,67.9373,2550.67,0.120955
2.5169,0.4592,69.3709,2524.4,0.120644
2.5169,0.6429,70.9148,2503.04,0.120433
2.5169,0.8265,72.4586,2482.48,0.120183
2.5169,1.0102,74.0025,2462.7,0.119896
2.5169,1.1939,75.5464,2443.66,0.119575
2.5169,1.3776,77.2005,2430.71,0.119385
2.5169,1.5612,78.7444,2413.33,0.119007
2.5169,1.7449,80.3985,2402.58,0.118777
2.5169,1.9286,80.7293,2329.25,0.118528
2.5169,2.1122,82.3835,2317.54,0.118184
2.5169,2.2959,84.1479,2312.67,0.117989
2.5169,2.4796,85.802,2303.72,0.117632
2.5169,2.6633,87.5664,2302.42,0.117451
2.5169,2.8469,88.0075,2235.89,0.117818
2.5169,3.0306,88.2281,2170.84,0.119075
2.5169,3.2143,88.2281,2110.83,0.121764
2.5169,3.398,88.0075,2058.24,0.126841
2.5169,3.5816,87.8972,2020.04,0.136754
2.6017,-4.5,45.0,3789.78,0.13431
2.6017,-4.3163,45.0,3712.25,0.132759
2.6017,-4.1327,45.0,3637.09,0.131013
2.6017,-3.949,45.0,3564.54,0.12992
2.6017,-3.7653,45.3308,3502.05,0.128976
2.6017,-3.5816,45.0,3425.9,0.127785
2.6017,-3.398,45.6617,3372.82,0.127437
2.6017,-3.2143,45.2206,3300.52,0.126642
2.6017,-3.0306,46.1028,3251.97,0.126592
2.6017,-2.8469,45.5514,3184.33,0.126288
2.6017,-2.6633,46.4336,3135.74,0.126195
2.6017,-2.4796,47.4261,3089.06,0.126203
2.6017,-2.2959,48.4185,3042.91,0.126166
2.6017,-2.1122,49.411,2997.24,0.126084
2.6017,-1.9286,50.5138,2953.79,0.126093
2.6017,-1.7449,51.6165,2910.92,0.126053
2.6017,-1.5612,52.7193,2868.58,0.125963
2.6017,-1.3776,53.8221,2826.75,0.125823
2.6017,-1.1939,56.5789,2819.46,0.125739
2.6017,-1.0102,57.792,2782.21,0.125588
2.6017,-0.8265,57.4612,2710.79,0.125489
2.6017,-0.6429,60.3283,2712.03,0.125267
2.6017,-0.4592,61.6516,2679.24,0.125095
2.6017,-0.2755,62.9749,2646.93,0.124872
2.6017,-0.0918,64.4085,2618.62,0.124734
2.6017,0.0918,65.7318,2587.27,0.12441
2.6017,0.2755,67.1654,2560.1,0.124174
2.6017,0.4592,68.7093,2537.54,0.12403
2.6017,0.6429,70.1429,2511.63,0.123703
2.6017,0.8265,71.6867,2490.6,0.123475
2.6017,1.0102,73.2306,2470.38,0.12321
2.6017,1.1939,74.7744,2450.96,0.12291
2.6017,1.3776,76.3183,2432.29,0.122577
2.6017,1.5612,77.9724,2419.67,0.122371
2.6017,1.7449,79.6266,2408.31,0.122149
2.6017,1.9286,81.1704,2392.32,0.121744
2.6017,2.1122,82.8246,2383.25,0.121494
2.6017,2.2959,84.4787,2375.54,0.12124
2.6017,2.4796,84.9198,2305.22,0.121085
2.6017,2.6633,86.6842,2302.8,0.120891
2.6017,2.8469,88.3383,2296.17,0.12054
2.6017,3.0306,88.7794,2231.79,0.12107
2.6017,3.2143,89.0,2168.67,0.122516
2.6017,3.398,89.0,2110.24,0.125442
2.6017,3.5816,88.6692,2056.24,0.130732
2.6017,3.7653,88.4486,2017.38,0.141023
2.6864,-4.5,45.0,3820.05,0.137702
2.6864,-4.3163,45.0,3742.5,0.135838
2.6864,-4.1327,45.0,3667.5,0.134461
2.6864,-3.949,45.0,3594.41,0.133443
2.6864,-3.7653,45.0,3523.67,0.131927
2.6864,-3.5816,45.0,3455.74,0.131396
2.6864,-3.398,45.2206,3393.51,0.130381
2.6864,-3.2143,45.0,3326.46,0.130047
2.6864,-3.0306,45.6617,3274.25,0.129709
2.6864,-2.8469,45.0,3207.09,0.129421
2.6864,-2.6633,45.9925,3159.56,0.129495
2.6864,-2.4796,46.8747,3111.26,0.129385
2.6864,-2.2959,47.8672,3064.82,0.129373
2.6864,-2.1122,48.8596,3018.9,0.129317
2.6864,-1.9286,49.9624,2975.1,0.129353
2.6864,-1.7449,50.9549,2930.23,0.129206
2.6864,-1.5612,52.0576,2887.56,0.129147
2.6864,-1.3776,54.8145,2875.73,0.129058
2.6864,-1.1939,56.0276,2837.8,0.128991
2.6864,-1.0102,57.2406,2800.38,0.128871
2.6864,-0.8265,58.4536,2763.41,0.128701
2.6864,-0.6429,59.6667,2726.85,0.128479
2.6864,-0.4592,60.99,2693.76,0.128339
2.6864,-0.2755,62.3133,2661.21,0.128148
2.6864,-0.0918,63.6366,2629.16,0.127906
2.6864,0.0918,65.0702,2601.06,0.127747
2.6864,0.2755,66.5038,2573.62,0.127539
2.6864,0.4592,67.9373,2546.82,0.127286
2.6864,0.6429,69.3709,2520.61,0.126988
2.6864,0.8265,70.9148,2499.07,0.126782
2.6864,1.0102,72.4586,2478.4,0.126538
2.6864,1.1939,74.0025,2458.55,0.126258
2.6864,1.3776,75.5464,2439.51,0.125946
2.6864,1.5612,77.2005,2426.26,0.125751
2.6864,1.7449,78.7444,2408.99,0.125384
2.6864,1.9286,80.3985,2398.01,0.125149
2.6864,2.1122,82.0526,2388.34,0.124904
2.6864,2.2959,83.7068,2380.03,0.124653
2.6864,2.4796,85.3609,2373.15,0.124401
2.6864,2.6633,87.015,2367.78,0.124153
2.6864,2.8469,88.6692,2364.01,0.123916
2.6864,3.0306,87.787,2230.27,0.124646
2.6864,3.2143,87.8972,2166.56,0.126257
2.6864,3.398,87.8972,2111.4,0.12953
2.6864,3.5816,87.4561,2057.54,0.135146
2.6864,3.7653,87.1253,2018.68,0.145937
2.7712,-4.5,45.0,3850.09,0.140883
2.7712,-4.3163,45.0,3772.74,0.139241
2.7712,-4.1327,45.0,3697.29,0.137924
2.7712,-3.949,45.0,3623.98,0.136323
2.7712,-3.7653,45.0,3553.49,0.13546
2.7712,-3.5816,45.3308,3492.11,0.13459
2.7712,-3.398,45.0,3418.7,0.133674
2.7712,-3.2143,45.6617,3366.06,0.133351
2.7712,-3.0306,45.1103,3294.96,0.132697
2.7712,-2.8469,46.1028,3248.13,0.1328
2.7712,-2.6633,45.4411,3182.25,0.132671
2.7712,-2.4796,46.4336,3134.95,0.132723
2.7712,-2.2959,48.8596,3106.74,0.132562
2.7712,-2.1122,48.3083,3040.78,0.132565
2.7712,-1.9286,50.9549,3019.08,0.132513
2.7712,-1.7449,52.0576,2977.04,0.132487
2.7712,-1.5612,53.1604,2935.49,0.132412
2.7712,-1.3776,54.2632,2894.38,0.132289
2.7712,-1.1939,55.3659,2853.67,0.132117
2.7712,-1.0102,56.5789,2815.93,0.132029
2.7712,-0.8265,57.792,2778.69,0.13189
2.7712,-0.6429,59.005,2741.92,0.131801
2.7712,-0.4592,60.3283,2708.5,0.13159
2.7712,-0.2755,61.6516,2675.67,0.13143
2.7712,-0.0918,62.9749,2643.39,0.13122
2.7712,0.0918,64.4085,2614.93,0.131088
2.7712,0.2755,65.7318,2583.74,0.130782
2.7712,0.4592,67.1654,2556.54,0.130556
2.7712,0.6429,68.7093,2533.73,0.130414
2.7712,0.8265,70.1429,2507.91,0.130101
2.7712,1.0102,71.6867,2486.75,0.129879
2.7712,1.1939,73.2306,2466.46,0.12962
2.7712,1.3776,74.7744,2447.01,0.129327
2.7712,1.5612,76.4286,2433.11,0.129144
2.7712,1.7449,77.9724,2415.5,0.128795
2.7712,1.9286,79.6266,2403.91,0.128569
2.7712,2.1122,81.2807,2393.63,0.12833
2.7712,2.2959,82.9348,2384.71,0.128083
2.7712,2.4796,84.589,2377.21,0.127832
2.7712,2.6633,86.2431,2371.19,0.127583
2.7712,2.8469,87.8972,2366.75,0.127341
2.7712,3.0306,88.3383,2296.42,0.127309
2.7712,3.2143,88.6692,2231.21,0.128078
2.7712,3.398,88.7794,2168.31,0.129856
2.7712,3.5816,88.5589,2107.59,0.133123
2.7712,3.7653,88.1178,2055.45,0.139072
2.7712,3.949,87.6767,2015.97,0.15025
2.8559,-4.5,45.0,3880.15,0.14425
2.8559,-4.3163,45.0,3802.42,0.142657
2.8559,-4.1327,45.0,3726.67,0.140952
2.8559,-3.949,45.0,3653.73,0.139796
2.8559,-3.7653,45.3308,3591.04,0.138892
2.8559,-3.5816,45.0,3513.74,0.137609
2.8559,-3.398,45.0,3447.75,0.13731
2.8559,-3.2143,45.2206,3386.88,0.136364
2.8559,-3.0306,45.0,3322.13,0.136296
2.8559,-2.8469,45.5514,3268.84,0.135833
2.8559,-2.6633,46.5439,3222.18,0.135913
2.8559,-2.4796,47.4261,3174.31,0.135811
2.8559,-2.2959,48.4185,3128.61,0.135808
2.8559,-2.1122,49.411,3083.37,0.135761
2.8559,-1.9286,50.4035,3038.57,0.135671
2.8559,-1.7449,51.5063,2996.23,0.13567
2.8559,-1.5612,52.4987,2952.27,0.135491
2.8559,-1.3776,53.7118,2913.12,0.135528
2.8559,-1.1939,54.8145,2872.26,0.135386
2.8559,-1.0102,56.0276,2834.27,0.135325
2.8559,-0.8265,57.2406,2796.83,0.135215
2.8559,-0.6429,58.4536,2759.91,0.135057
2.8559,-0.4592,59.6667,2723.46,0.13485
2.8559,-0.2755,60.99,2690.31,0.134718
2.8559,-0.0918,62.3133,2657.77,0.134538
2.8559,0.0918,63.6366,2625.79,0.13431
2.8559,0.2755,65.0702,2597.57,0.134158
2.8559,0.4592,66.5038,2570.08,0.13396
2.8559,0.6429,67.9373,2543.28,0.133717
2.8559,0.8265,69.3709,2517.13,0.133432
2.8559,1.0102,70.9148,2495.45,0.133231
2.8559,1.1939,72.4586,2474.68,0.132993
2.8559,1.3776,74.0025,2454.79,0.13272
2.8559,1.5612,75.5464,2435.76,0.132416
2.8559,1.7449,77.2005,2422.25,0.132218
2.8559,1.9286,78.8546,2410.04,0.132001
2.8559,2.1122,80.3985,2393.93,0.131624
2.8559,2.2959,82.0526,2384.1,0.131375
2.8559,2.4796,83.7068,2375.66,0.131121
2.8559,2.6633,85.3609,2368.65,0.130864
2.8559,2.8469,87.1253,2369.69,0.130786
2.8559,3.0306,88.7794,2366.23,0.130551
2.8559,3.2143,87.6767,2229.97,0.131697
2.8559,3.398,87.6767,2166.59,0.13364
2.8559,3.5816,87.4561,2109.16,0.137247
2.8559,3.7653,86.9048,2057.21,0.143518
2.8559,3.949,88.7794,2053.68,0.143011
2.8559,4.1327,88.2281,2013.55,0.154578
2.9407,-4.5,45.0,3909.7,0.147631
2.9407,-4.3163,45.0,3831.61,0.145802
2.9407,-4.1327,45.0,3756.32,0.144378
2.9407,-3.949,45.0,3682.88,0.143283
2.9407,-3.7653,45.0,3611.36,0.14181
2.9407,-3.5816,45.0,3542.85,0.141166
2.9407,-3.398,45.3308,3482.55,0.14036
2.9407,-3.2143,45.0,3411.74,0.139702
2.9407,-3.0306,45.6617,3359.55,0.139401
2.9407,-2.8469,45.1103,3291.36,0.139029
2.9407,-2.6633,45.9925,3242.88,0.138988
2.9407,-2.4796,46.985,3196.4,0.139047
2.9407,-2.2959,47.8672,3148.8,0.13893
2.9407,-2.1122,48.8596,3103.3,0.138907
2.9407,-1.9286,49.8521,3058.27,0.138842
2.9407,-1.7449,50.9549,3015.61,0.138865
2.9407,-1.5612,51.9474,2971.51,0.138714
2.9407,-1.3776,53.0501,2929.88,0.138648
2.9407,-1.1939,54.2632,2890.94,0.138662
2.9407,-1.0102,55.3659,2850.35,0.138503
2.9407,-0.8265,56.5789,2812.57,0.138421
2.9407,-0.6429,57.792,2775.36,0.138292
2.9407,-0.4592,59.005,2738.68,0.138116
2.9407,-0.2755,60.3283,2705.17,0.138013
2.9407,-0.0918,63.1955,2714.1,0.137835
2.9407,0.0918,62.9749,2640.09,0.137663
2.9407,0.2755,65.9524,2657.17,0.137488
2.9407,0.4592,65.7318,2580.46,0.137247
2.9407,0.6429,67.1654,2553.24,0.137031
2.9407,0.8265,70.2531,2582.3,0.136849
2.9407,1.0102,71.6867,2558.56,0.136558
2.9407,1.1939,73.2306,2540.13,0.136372
2.9407,1.3776,73.2306,2462.89,0.136123
2.9407,1.5612,74.7744,2443.43,0.135838
2.9407,1.7449,77.8622,2490.34,0.13565
2.9407,1.9286,77.9724,2411.75,0.135312
2.9407,2.1122,80.9499,2461.65,0.135058
2.9407,2.2959,81.2807,2389.53,0.134842
2.9407,2.4796,82.9348,2380.47,0.134591
2.9407,2.6633,84.589,2372.84,0.134337
2.9407,2.8469,86.2431,2366.71,0.134083
2.9407,3.0306,87.8972,2362.16,0.133835
2.9407,3.2143,88.2281,2291.2,0.134003
2.9407,3.398,88.4486,2226.27,0.13503
2.9407,3.5816,88.4486,2164.46,0.137147
2.9407,3.7653,88.1178,2105.46,0.140874
2.9407,3.949,87.5664,2055.01,0.147477
2.9407,4.1327,87.015,2016.68,0.159694
2.9407,4.3163,89.0,2014.66,0.159209
3.0254,-4.5,45.1103,3943.29,0.151139
3.0254,-4.3163,45.0,3861.13,0.149192
3.0254,-4.1327,45.0,3785.42,0.147816
3.0254,-3.949,45.1103,3714.88,0.146456
3.0254,-3.7653,45.0,3640.48,0.145305
3.0254,-3.5816,45.4411,3581.75,0.144651
3.0254,-3.398,45.0,3504.17,0.143438
3.0254,-3.2143,45.7719,3454.09,0.143308
3.0254,-3.0306,45.2206,3380.47,0.142475
3.0254,-2.8469,46.1028,3332.37,0.142459
3.0254,-2.6633,45.5514,3265.31,0.14222
3.0254,-2.4796,46.4336,3217.09,0.142162
3.0254,-2.2959,47.4261,3170.82,0.142201
3.0254,-2.1122,48.4185,3125.1,0.142199
3.0254,-1.9286,49.411,3079.91,0.142156
3.0254,-1.7449,50.4035,3035.19,0.142072
3.0254,-1.5612,51.396,2990.93,0.141948
3.0254,-1.3776,52.4987,2949.03,0.141906
3.0254,-1.1939,53.6015,2907.67,0.141821
3.0254,-1.0102,54.8145,2868.96,0.141813
3.0254,-0.8265,55.9173,2828.66,0.141637
3.0254,-0.6429,57.1303,2791.13,0.141536
3.0254,-0.4592,59.9975,2792.92,0.141415
3.0254,-0.2755,59.6667,2720.27,0.141313
3.0254,-0.0918,62.6441,2729.76,0.141173
3.0254,0.0918,63.9674,2699.01,0.140983
3.0254,0.2755,65.2907,2668.77,0.140748
3.0254,0.4592,66.7243,2642.8,0.140599
3.0254,0.6429,68.0476,2613.54,0.140279
3.0254,0.8265,69.4812,2588.78,0.140048
3.0254,1.0102,71.0251,2568.97,0.139911
3.0254,1.1939,72.4586,2545.6,0.139607
3.0254,1.3776,74.0025,2527.51,0.139405
3.0254,1.5612,75.5464,2510.35,0.139176
3.0254,1.7449,77.0902,2494.12,0.138922
3.0254,1.9286,78.6341,2478.8,0.138646
3.0254,2.1122,80.2882,2470.16,0.138508
3.0254,2.2959,80.3985,2390.3,0.138186
3.0254,2.4796,82.0526,2380.35,0.137936
3.0254,2.6633,83.7068,2371.79,0.137678
3.0254,2.8469,85.4712,2370.45,0.13757
3.0254,3.0306,87.1253,2365.22,0.13732
3.0254,3.2143,88.7794,2361.65,0.137079
3.0254,3.398,87.4561,2225.58,0.138694
3.0254,3.5816,87.3459,2163.36,0.140972
3.0254,3.7653,87.015,2107.42,0.14503
3.0254,3.949,88.8897,2104.92,0.144625
3.0254,4.1327,88.2281,2053.12,0.151447
3.0254,4.3163,87.6767,2015.64,0.164204
3.1102,-4.5,45.0,3968.1,0.154231
3.1102,-4.3163,45.0,3890.15,0.152593
3.1102,-4.1327,45.1103,3817.66,0.151142
3.1102,-3.949,45.0,3740.48,0.149698
3.1102,-3.7653,45.0,3669.01,0.148814
3.1102,-3.5816,45.0,3599.2,0.147454
3.1102,-3.398,45.0,3532.6,0.147018
3.1102,-3.2143,45.3308,3473.34,0.146268
3.1102,-3.0306,45.0,3405.03,0.145854
3.1102,-2.8469,45.6617,3353.26,0.145571
3.1102,-2.6633,45.1103,3287.84,0.145467
3.1102,-2.4796,45.9925,3239.44,0.145428
3.1102,-2.2959,46.8747,3191.5,0.145353
3.1102,-2.1122,47.8672,3145.45,0.145372
3.1102,-1.9286,48.8596,3099.97,0.145351
3.1102,-1.7449,49.8521,3055.01,0.145291
3.1102,-1.5612,50.8446,3010.54,0.145191
3.1102,-1.3776,51.9474,2968.33,0.145173
3.1102,-1.1939,53.0501,2926.72,0.145112
3.1102,-1.0102,54.1529,2885.66,0.145008
3.1102,-0.8265,57.0201,2880.9,0.144964
3.1102,-0.6429,58.2331,2844.71,0.144857
3.1102,-0.4592,59.4461,2809.02,0.144705
3.1102,-0.2755,60.6591,2773.76,0.144507
3.1102,-0.0918,61.9825,2742.12,0.144388
3.1102,0.0918,63.3058,2711.08,0.144224
3.1102,0.2755,64.6291,2680.58,0.144016
3.1102,0.4592,66.0627,2654.22,0.14389
3.1102,0.6429,67.386,2624.81,0.143597
3.1102,0.8265,68.8195,2599.75,0.143389
3.1102,1.0102,70.2531,2575.36,0.143142
3.1102,1.1939,71.797,2555.89,0.142988
3.1102,1.3776,73.2306,2532.91,0.142672
3.1102,1.5612,74.7744,2515.18,0.142456
3.1102,1.7449,76.3183,2498.4,0.142214
3.1102,1.9286,77.8622,2482.55,0.141949
3.1102,2.1122,79.5163,2473.08,0.141811
3.1102,2.2959,81.0602,2459.36,0.141512
3.1102,2.4796,82.7143,2452.64,0.141359
3.1102,2.6633,84.2581,2441.15,0.14104
3.1102,2.8469,85.9123,2437.41,0.14089
3.1102,3.0306,86.2431,2362.77,0.14067
3.1102,3.2143,87.8972,2358.15,0.140417
3.1102,3.398,88.2281,2291.74,0.140914
3.1102,3.5816,88.3383,2226.17,0.142176
3.1102,3.7653,88.1178,2161.23,0.144509
3.1102,3.949,87.6767,2103.79,0.148687
3.1102,4.1327,86.9048,2052.99,0.155824
3.1102,4.3163,88.8897,2051.55,0.155428
3.1102,4.5,88.3383,2014.85,0.168725
3.1949,-4.5,45.0,3997.03,0.157604
3.1949,-4.3163,45.0,3918.69,0.156006
3.1949,-4.1327,45.0,3842.77,0.154327
3.1949,-3.949,45.0,3769.03,0.153157
3.1949,-3.7653,45.1103,3699.93,0.151906
3.1949,-3.5816,45.0,3627.71,0.15097
3.1949,-3.398,45.4411,3569.74,0.150364
3.1949,-3.2143,45.0,3494.95,0.149399
3.1949,-3.0306,45.7719,3445.02,0.149278
3.1949,-2.8469,45.2206,3374.29,0.148699
3.1949,-2.6633,46.1028,3326.21,0.148684
3.1949,-2.4796,46.985,3278.52,0.148633
3.1949,-2.2959,46.4336,3213.75,0.148651
3.1949,-2.1122,47.3158,3166.11,0.14856
3.1949,-1.9286,48.3083,3120.3,0.148559
3.1949,-1.7449,49.3008,3075.07,0.148521
3.1949,-1.5612,51.9474,3055.96,0.148461
3.1949,-1.3776,53.0501,3014.98,0.148432
3.1949,-1.1939,54.1529,2974.49,0.148359
3.1949,-1.0102,55.2556,2934.46,0.148243
3.1949,-0.8265,56.4687,2897.46,0.148206
3.1949,-0.6429,57.5714,2858.31,0.148002
3.1949,-0.4592,58.7845,2822.31,0.147877
3.1949,-0.2755,60.1078,2789.75,0.147827
3.1949,-0.0918,61.3208,2754.79,0.147612
3.1949,0.0918,62.6441,2723.41,0.147474
3.1949,0.2755,63.9674,2692.63,0.147292
3.1949,0.4592,65.2907,2662.39,0.147067
3.1949,0.6429,66.7243,2636.25,0.14692
3.1949,0.8265,68.1579,2610.85,0.146735
3.1949,1.0102,69.5915,2586.17,0.14651
3.1949,1.1939,71.0251,2562.17,0.14625
3.1949,1.3776,72.5689,2543.08,0.146079
3.1949,1.5612,74.1128,2524.97,0.14588
3.1949,1.7449,75.5464,2503.17,0.145523
3.1949,1.9286,77.2005,2491.69,0.145405
3.1949,2.1122,78.7444,2476.49,0.145134
3.1949,2.2959,80.2882,2462.26,0.144844
3.1949,2.4796,81.9424,2454.69,0.144688
3.1949,2.6633,83.4862,2442.69,0.144375
3.1949,2.8469,85.1404,2438.05,0.144217
3.1949,3.0306,86.7945,2435.17,0.144069
3.1949,3.2143,87.1253,2361.3,0.143936
3.1949,3.398,88.7794,2357.66,0.14369
3.1949,3.5816,89.0,2287.02,0.144155
3.1949,3.7653,87.1253,2163.75,0.148472
3.1949,3.949,88.8897,2159.51,0.148057
3.1949,4.1327,88.4486,2103.08,0.152462
3.1949,4.3163,87.5664,2050.98,0.159824
3.1949,4.5,87.1253,2017.71,0.173893
3.2797,-4.5,45.0,4025.52,0.160988
3.2797,-4.3163,45.0,3947.24,0.159181
3.2797,-4.1327,45.0,3871.28,0.157747
3.2797,-3.949,45.2206,3803.87,0.156623
3.2797,-3.7653,45.0,3725.22,0.155183
3.2797,-3.5816,45.0,3655.65,0.154497
3.2797,-3.398,45.1103,3590.08,0.153399
3.2797,-3.2143,45.0,3522.73,0.152998
3.2797,-3.0306,45.4411,3466.56,0.152442
3.2797,-2.8469,45.0,3398.55,0.152115
3.2797,-2.6633,45.6617,3347.19,0.151846
3.2797,-2.4796,46.5439,3299.33,0.151814
3.2797,-2.2959,45.8822,3234.98,0.151834
3.2797,-2.1122,48.4185,3206.62,0.151772
3.2797,-1.9286,49.411,3161.87,0.151759
3.2797,-1.7449,50.4035,3117.58,0.151708
3.2797,-1.5612,51.396,3073.73,0.151617
3.2797,-1.3776,52.4987,3032.45,0.151609
3.2797,-1.1939,53.6015,2991.7,0.15156
3.2797,-1.0102,54.7043,2951.46,0.151468
3.2797,-0.8265,55.807,2911.68,0.151335
3.2797,-0.6429,57.0201,2874.87,0.151278
3.2797,-0.4592,58.2331,2838.65,0.151177
3.2797,-0.2755,59.4461,2802.96,0.151032
3.2797,-0.0918,60.7694,2770.67,0.150961
3.2797,0.0918,61.9825,2736.03,0.15073
3.2797,0.2755,63.3058,2704.92,0.150573
3.2797,0.4592,64.6291,2674.42,0.150374
3.2797,0.6429,66.0627,2647.87,0.150249
3.2797,0.8265,67.4962,2622.12,0.150085
3.2797,1.0102,68.9298,2597.12,0.149883
3.2797,1.1939,70.3634,2572.84,0.149644
3.2797,1.3776,71.797,2549.26,0.14937
3.2797,1.5612,73.3409,2530.55,0.149184
3.2797,1.7449,74.8847,2512.84,0.148972
3.2797,1.9286,76.4286,2496.12,0.148734
3.2797,2.1122,77.9724,2480.38,0.148473
3.2797,2.2959,79.5163,2465.62,0.148193
3.2797,2.4796,81.1704,2457.24,0.148037
3.2797,2.6633,82.7143,2444.72,0.14773
3.2797,2.8469,84.3684,2439.21,0.147567
3.2797,3.0306,86.0226,2435.41,0.14741
3.2797,3.2143,87.6767,2433.44,0.147266
3.2797,3.398,88.0075,2360.33,0.147219
3.2797,3.5816,88.1178,2287.49,0.147755
3.2797,3.7653,88.1178,2222.25,0.149266
3.2797,3.949,87.8972,2161.59,0.152033
3.2797,4.1327,87.2356,2102.51,0.156555
3.2797,4.3163,86.3534,2053.32,0.164341
3.2797,4.5,88.2281,2049.28,0.163833
3.3644,-4.5,45.0,4053.87,0.164256
3.3644,-4.3163,45.0,3975.71,0.162571
3.3644,-4.1327,45.0,3899.32,0.161177
3.3644,-3.949,45.0,3825.04,0.159635
3.3644,-3.7653,45.0,3753.22,0.158659
3.3644,-3.5816,45.2206,3688.55,0.157681
3.3644,-3.398,45.0,3615.4,0.156771
3.3644,-3.2143,45.5514,3560.71,0.156364
3.3644,-3.0306,45.0,3486.07,0.155475
3.3644,-2.8469,45.8822,3438.33,0.155502
3.3644,-2.6633,45.2206,3368.32,0.155023
3.3644,-2.4796,46.1028,3320.27,0.155008
3.3644,-2.2959,46.985,3272.66,0.154959
3.3644,-2.1122,47.9774,3227.14,0.155002
3.3644,-1.9286,48.9699,3182.17,0.155008
3.3644,-1.7449,49.9624,3137.7,0.154976
3.3644,-1.5612,50.9549,3093.71,0.154905
3.3644,-1.3776,51.9474,3050.15,0.154797
3.3644,-1.1939,53.0501,3009.12,0.15477
3.3644,-1.0102,54.1529,2968.63,0.154701
3.3644,-0.8265,55.2556,2928.65,0.154592
3.3644,-0.6429,56.4687,2891.55,0.154558
3.3644,-0.4592,57.6817,2855.06,0.15448
3.3644,-0.2755,58.8947,2819.16,0.15436
3.3644,-0.0918,60.1078,2783.8,0.154198
3.3644,0.0918,61.4311,2751.79,0.154107
3.3644,0.2755,62.6441,2717.48,0.15386
3.3644,0.4592,63.9674,2686.68,0.153686
3.3644,0.6429,65.401,2659.7,0.153582
3.3644,0.8265,66.7243,2630.18,0.153435
3.3644,1.0102,68.1579,2604.68,0.153145
3.3644,1.1939,69.5915,2579.94,0.152926
3.3644,1.3776,71.1353,2559.77,0.152788
3.3644,1.5612,72.5689,2536.61,0.152502
3.3644,1.7449,74.1128,2518.32,0.152302
3.3644,1.9286,75.6566,2501.03,0.152077
3.3644,2.1122,77.2005,2484.74,0.151828
3.3644,2.2959,78.8546,2474.32,0.151688
3.3644,2.4796,80.3985,2460.26,0.151403
3.3644,2.6633,81.9424,2447.21,0.151104
3.3644,2.8469,83.5965,2440.86,0.150936
3.3644,3.0306,85.2506,2436.17,0.150773
3.3644,3.2143,86.9048,2433.26,0.150619
3.3644,3.398,88.4486,2425.46,0.15031
3.3644,3.5816,88.7794,2354.17,0.150373
3.3644,3.7653,89.0,2287.75,0.15115
3.3644,3.949,88.8897,2219.28,0.152672
3.3644,4.1327,88.5589,2156.77,0.15557
3.3644,4.3163,88.0075,2101.63,0.160352
3.3644,4.5,87.015,2051.18,0.168368
3.4492,-4.5,45.0,4082.27,0.167624
3.4492,-4.3163,45.0,4003.74,0.165971
3.4492,-4.1327,45.0,3927.09,0.164314
3.4492,-3.949,45.0,3853.06,0.163072
3.4492,-3.7653,45.0,3780.72,0.162147
3.4492,-3.5816,45.0,3710.5,0.160813
3.4492,-3.398,45.0,3642.77,0.160316
3.4492,-3.2143,45.1103,3578.59,0.159294
3.4492,-3.0306,45.0,3513.22,0.159093
3.4492,-2.8469,45.4411,3457.82,0.15857
3.4492,-2.6633,45.0,3392.29,0.158473
3.4492,-2.4796,45.6617,3341.34,0.158216
3.4492,-2.2959,46.5439,3293.54,0.158183
3.4492,-2.1122,47.5363,3247.75,0.158242
3.4492,-1.9286,48.4185,3200.88,0.158142
3.4492,-1.7449,49.411,3156.12,0.15813
3.4492,-1.5612,50.4035,3111.87,0.158081
3.4492,-1.3776,51.5063,3070.0,0.158113
3.4492,-1.1939,52.4987,3026.75,0.157988
3.4492,-1.0102,53.6015,2985.99,0.157942
3.4492,-0.8265,54.7043,2945.77,0.157855
3.4492,-0.6429,55.9173,2908.34,0.157843
3.4492,-0.4592,57.0201,2869.19,0.157675
3.4492,-0.2755,58.2331,2832.94,0.157579
3.4492,-0.0918,59.4461,2797.27,0.157442
3.4492,0.0918,60.7694,2764.84,0.157373
3.4492,0.2755,63.6366,2774.94,0.157187
3.4492,0.4592,64.9599,2745.71,0.157023
3.4492,0.6429,64.7393,2671.75,0.15692
3.4492,0.8265,66.0627,2641.98,0.156688
3.4492,1.0102,67.4962,2616.11,0.156528
3.4492,1.1939,68.9298,2591.04,0.15633
3.4492,1.3776,70.3634,2566.74,0.156097
3.4492,1.5612,73.4511,2603.61,0.155902
3.4492,1.7449,74.8847,2583.04,0.155625
3.4492,1.9286,74.8847,2506.4,0.155433
3.4492,2.1122,76.4286,2489.56,0.155196
3.4492,2.2959,78.0827,2478.34,0.15506
3.4492,2.4796,79.6266,2463.74,0.154785
3.4492,2.6633,81.2807,2455.28,0.154625
3.4492,2.8469,82.8246,2442.99,0.154324
3.4492,3.0306,84.4787,2437.44,0.154156
3.4492,3.2143,86.1328,2433.61,0.153994
3.4492,3.398,87.6767,2425.23,0.153684
3.4492,3.5816,88.0075,2356.89,0.153931
3.4492,3.7653,88.0075,2283.78,0.15466
3.4492,3.949,87.8972,2218.88,0.156415
3.4492,4.1327,87.5664,2159.11,0.159503
3.4492,4.3163,86.7945,2101.59,0.164471
3.4492,4.5,88.6692,2098.75,0.164056
3.5339,-4.5,45.0,4110.28,0.171002
3.5339,-4.3163,45.1103,4035.8,0.169464
3.5339,-4.1327,45.0,3955.1,0.167719
3.5339,-3.949,45.0,3880.62,0.166518
3.5339,-3.7653,45.0,3807.92,0.165098
3.5339,-3.5816,45.0,3737.98,0.164305
3.5339,-3.398,45.3308,3677.28,0.163566
3.5339,-3.2143,45.0,3603.55,0.162694
3.5339,-3.0306,45.5514,3549.37,0.162314
3.5339,-2.8469,45.0,3477.51,0.161655
3.5339,-2.6633,45.8822,3429.74,0.161678
3.5339,-2.4796,45.2206,3362.56,0.161437
3.5339,-2.2959,46.1028,3314.55,0.16142
3.5339,-2.1122,46.985,3267.02,0.161372
3.5339,-1.9286,47.9774,3221.44,0.161411
3.5339,-1.7449,48.9699,3176.44,0.161416
3.5339,-1.5612,49.9624,3132.0,0.161385
3.5339,-1.3776,50.9549,3088.07,0.161318
3.5339,-1.1939,51.9474,3044.61,0.161215
3.5339,-1.0102,53.0501,3003.55,0.161189
3.5339,-0.8265,54.1529,2963.07,0.161124
3.5339,-0.6429,55.2556,2923.14,0.161021
3.5339,-0.4592,56.4687,2885.95,0.160988
3.5339,-0.2755,57.6817,2849.43,0.160915
3.5339,-0.0918,60.5489,2852.75,0.160779
3.5339,0.0918,61.7619,2818.87,0.1606
3.5339,0.2755,63.0852,2788.8,0.160498
3.5339,0.4592,64.4085,2759.36,0.160357
3.5339,0.6429,65.7318,2730.5,0.160176
3.5339,0.8265,67.0551,2702.2,0.159958
3.5339,1.0102,68.4887,2678.37,0.159824
3.5339,1.1939,69.9223,2655.33,0.159656
3.5339,1.3776,71.3559,2633.04,0.159456
3.5339,1.5612,72.7895,2611.49,0.159225
3.5339,1.7449,74.2231,2590.63,0.158965
3.5339,1.9286,75.7669,2575.37,0.15881
3.5339,2.1122,77.2005,2556.03,0.158499
3.5339,2.2959,78.7444,2542.72,0.158304
3.5339,2.4796,80.2882,2530.52,0.158096
3.5339,2.6633,81.8321,2519.44,0.157877
3.5339,2.8469,82.0526,2445.57,0.157727
3.5339,3.0306,83.7068,2439.19,0.157556
3.5339,3.2143,86.5739,2500.33,0.157363
3.5339,3.398,86.9048,2425.52,0.15708
3.5339,3.5816,88.5589,2424.1,0.156926
3.5339,3.7653,88.7794,2351.09,0.157119
3.5339,3.949,88.8897,2283.98,0.158075
3.5339,4.1327,88.7794,2219.6,0.159947
3.5339,4.3163,88.3383,2157.31,0.163095
3.5339,4.5,87.5664,2100.53,0.168289
3.6186,-4.5,45.0,4137.89,0.174389
3.6186,-4.3163,45.0,4059.3,0.172593
3.6186,-4.1327,45.0,3982.68,0.171134
3.6186,-3.949,45.1103,3911.4,0.169821
3.6186,-3.7653,45.0,3835.46,0.168549
3.6186,-3.5816,45.0,3764.97,0.167808
3.6186,-3.398,45.0,3696.3,0.166573
3.6186,-3.2143,45.0,3630.37,0.166255
3.6186,-3.0306,45.2206,3569.71,0.165443
3.6186,-2.8469,45.0,3504.06,0.16529
3.6186,-2.6633,45.4411,3449.4,0.164795
3.6186,-2.4796,46.3233,3401.84,0.1648
3.6186,-2.2959,45.6617,3335.69,0.164669
3.6186,-2.1122,46.5439,3287.96,0.164636
3.6186,-1.9286,47.5363,3242.09,0.16469
3.6186,-1.7449,48.4185,3195.36,0.164593
3.6186,-1.5612,49.411,3150.61,0.16458
3.6186,-1.3776,50.4035,3106.41,0.164533
3.6186,-1.1939,53.0501,3090.51,0.164501
3.6186,-1.0102,52.4987,3021.33,0.164444
3.6186,-0.8265,55.2556,3011.35,0.164392
3.6186,-0.6429,56.3584,2972.47,0.164279
3.6186,-0.4592,57.5714,2936.78,0.164243
3.6186,-0.2755,57.0201,2863.82,0.164146
3.6186,-0.0918,59.9975,2867.11,0.16405
3.6186,0.0918,61.2105,2833.06,0.163893
3.6186,0.2755,62.4236,2799.46,0.163697
3.6186,0.4592,63.7469,2769.64,0.163576
3.6186,0.6429,65.0702,2740.45,0.163417
3.6186,0.8265,66.3935,2711.85,0.16322
3.6186,1.0102,67.8271,2687.58,0.163103
3.6186,1.1939,69.2607,2664.14,0.162952
3.6186,1.3776,70.6942,2641.47,0.162769
3.6186,1.5612,72.1278,2619.57,0.162555
3.6186,1.7449,73.5614,2598.41,0.162311
3.6186,1.9286,74.995,2577.94,0.16204
3.6186,2.1122,76.5388,2563.07,0.161872
3.6186,2.2959,78.0827,2549.3,0.161686
3.6186,2.4796,79.6266,2536.65,0.161486
3.6186,2.6633,81.1704,2525.14,0.161274
3.6186,2.8469,82.7143,2514.79,0.161053
3.6186,3.0306,84.2581,2505.64,0.160827
3.6186,3.2143,84.4787,2430.46,0.160667
3.6186,3.398,86.1328,2426.3,0.160494
3.6186,3.5816,87.787,2423.95,0.16033
3.6186,3.7653,88.0075,2353.86,0.160702
3.6186,3.949,88.0075,2284.71,0.161728
3.6186,4.1327,87.787,2219.34,0.163713
3.6186,4.3163,87.2356,2157.05,0.16702
3.6186,4.5,86.3534,2100.98,0.17243
3.7034,-4.5,45.0,4165.64,0.177692
3.7034,-4.3163,45.0,4086.89,0.175984
3.7034,-4.1327,45.0,4009.86,0.174557
3.7034,-3.949,45.0,3935.17,0.173029
3.7034,-3.7653,45.0,3862.56,0.17201
3.7034,-3.5816,45.1103,3794.55,0.170877
3.7034,-3.398,45.0,3723.28,0.17008
3.7034,-3.2143,45.3308,3663.46,0.169393
3.7034,-3.0306,45.0,3592.13,0.168725
3.7034,-2.8469,45.6617,3540.59,0.168507
3.7034,-2.6633,45.0,3469.26,0.167926
3.7034,-2.4796,45.8822,3421.47,0.167946
3.7034,-2.2959,45.2206,3356.99,0.167931
3.7034,-2.1122,47.6466,3327.2,0.167891
3.7034,-1.9286,46.985,3261.59,0.167862
3.7034,-1.7449,49.5213,3236.45,0.167828
3.7034,-1.5612,50.5138,3192.73,0.167805
3.7034,-1.3776,51.6165,3151.63,0.167865
3.7034,-1.1939,52.609,3108.87,0.167769
3.7034,-1.0102,51.9474,3039.34,0.167706
3.7034,-0.8265,54.7043,3026.9,0.167583
3.7034,-0.6429,55.9173,2990.34,0.167606
3.7034,-0.4592,57.0201,2951.79,0.167475
3.7034,-0.2755,58.2331,2916.4,0.167419
3.7034,-0.0918,59.4461,2881.59,0.167324
3.7034,0.0918,60.6591,2847.33,0.167189
3.7034,0.2755,61.8722,2813.58,0.167015
3.7034,0.4592,63.1955,2783.49,0.166915
3.7034,0.6429,64.5188,2754.07,0.166777
3.7034,0.8265,65.8421,2725.28,0.166601
3.7034,1.0102,67.1654,2697.09,0.166389
3.7034,1.1939,68.599,2673.21,0.166255
3.7034,1.3776,70.0326,2650.15,0.166089
3.7034,1.5612,71.4662,2627.89,0.165891
3.7034,1.7449,72.8997,2606.39,0.165664
3.7034,1.9286,74.3333,2585.63,0.165409
3.7034,2.1122,75.8772,2570.27,0.165251
3.7034,2.2959,77.4211,2556.03,0.165075
3.7034,2.4796,78.9649,2542.92,0.164883
3.7034,2.6633,80.5088,2530.96,0.164678
3.7034,2.8469,82.0526,2520.17,0.164464
3.7034,3.0306,83.5965,2510.58,0.164242
3.7034,3.2143,85.1404,2502.22,0.164017
3.7034,3.398,85.3609,2427.56,0.163925
3.7034,3.5816,88.3383,2496.53,0.163744
3.7034,3.7653,88.6692,2422.91,0.163595
3.7034,3.949,88.7794,2348.38,0.16392
3.7034,4.1327,88.7794,2280.67,0.165053
3.7034,4.3163,88.5589,2216.53,0.167164
3.7034,4.5,88.0075,2155.2,0.170632
3.7881,-4.5,45.0,4193.23,0.181066
3.7881,-4.3163,45.0,4114.1,0.179384
3.7881,-4.1327,45.0,4037.06,0.177735
3.7881,-3.949,45.0,3962.33,0.176457
3.7881,-3.7653,45.2206,3895.94,0.175444
3.7881,-3.5816,45.0,3818.47,0.174164
3.7881,-3.398,45.0,3749.78,0.173597
3.7881,-3.2143,45.0,3682.61,0.172449
3.7881,-3.0306,45.0,3618.41,0.172302
3.7881,-2.8469,45.2206,3558.84,0.171539
3.7881,-2.6633,45.0,3495.23,0.171577
3.7881,-2.4796,45.4411,3441.29,0.171106
3.7881,-2.2959,46.3233,3393.73,0.171109
3.7881,-2.1122,47.2055,3346.62,0.171081
3.7881,-1.9286,48.198,3301.7,0.171142
3.7881,-1.7449,49.0802,3255.48,0.17105
3.7881,-1.5612,50.0727,3211.55,0.171044
3.7881,-1.3776,51.0652,3168.11,0.171003
3.7881,-1.1939,52.0576,3125.13,0.170927
3.7881,-1.0102,53.1604,3084.78,0.170929
3.7881,-0.8265,54.2632,3044.99,0.170895
3.7881,-0.6429,55.3659,3005.74,0.170823
3.7881,-0.4592,56.4687,2966.98,0.170713
3.7881,-0.2755,57.6817,2931.28,0.170677
3.7881,-0.0918,58.7845,2893.5,0.170492
3.7881,0.0918,59.9975,2858.89,0.170379
3.7881,0.2755,61.3208,2827.77,0.170336
3.7881,0.4592,62.5338,2794.33,0.170147
3.7881,0.6429,63.8571,2764.53,0.170028
3.7881,0.8265,65.1805,2735.39,0.169873
3.7881,1.0102,66.5038,2706.88,0.169681
3.7881,1.1939,67.9373,2682.56,0.169564
3.7881,1.3776,69.3709,2659.08,0.169415
3.7881,1.5612,70.6942,2632.52,0.169121
3.7881,1.7449,72.2381,2614.58,0.169023
3.7881,1.9286,73.6717,2593.5,0.168783
3.7881,2.1122,75.2155,2577.64,0.168636
3.7881,2.2959,76.6491,2558.22,0.168347
3.7881,2.4796,78.193,2544.41,0.16816
3.7881,2.6633,79.7368,2531.74,0.167959
3.7881,2.8469,81.2807,2520.23,0.167745
3.7881,3.0306,82.8246,2509.91,0.167524
3.7881,3.2143,84.4787,2506.82,0.167443
3.7881,3.398,86.0226,2499.29,0.16722
3.7881,3.5816,87.5664,2493.11,0.167
3.7881,3.7653,87.8972,2422.82,0.167026
3.7881,3.949,88.0075,2351.18,0.167525
3.7881,4.1327,87.8972,2281.62,0.168732
3.7881,4.3163,87.5664,2216.63,0.170955
3.7881,4.5,86.9048,2155.36,0.17458
3.8729,-4.5,45.0,4220.46,0.184448
3.8729,-4.3163,45.0,4141.12,0.182661
3.8729,-4.1327,45.0,4064.26,0.181138
3.8729,-3.949,45.0,3989.08,0.179893
3.8729,-3.7653,45.0,3915.9,0.178486
3.8729,-3.5816,45.0,3845.11,0.177637
3.8729,-3.398,45.2206,3781.34,0.176755
3.8729,-3.2143,45.0,3709.1,0.17597
3.8729,-3.0306,45.4411,3652.59,0.175474
3.8729,-2.8469,45.0,3581.12,0.174854
3.8729,-2.6633,45.6617,3529.89,0.174646
3.8729,-2.4796,45.1103,3462.71,0.1744
3.8729,-2.2959,45.8822,3413.51,0.174295
3.8729,-2.1122,46.7644,3366.2,0.174282
3.8729,-1.9286,47.7569,3320.97,0.174356
3.8729,-1.7449,48.6391,3274.61,0.174281
3.8729,-1.5612,49.6316,3230.45,0.17429
3.8729,-1.3776,50.6241,3186.81,0.174265
3.8729,-1.1939,51.6165,3143.67,0.174207
3.8729,-1.0102,52.609,3100.99,0.174115
3.8729,-0.8265,53.7118,3060.89,0.174099
3.8729,-0.6429,54.8145,3021.36,0.174046
3.8729,-0.4592,55.9173,2982.37,0.173957
3.8729,-0.2755,57.1303,2946.34,0.17394
3.8729,-0.0918,58.2331,2908.39,0.173777
3.8729,0.0918,59.4461,2873.54,0.173684
3.8729,0.2755,60.6591,2839.26,0.173553
3.8729,0.4592,61.9825,2808.44,0.173492
3.8729,0.6429,63.1955,2775.32,0.173287
3.8729,0.8265,64.5188,2745.81,0.173151
3.8729,1.0102,65.9524,2720.26,0.173085
3.8729,1.1939,67.2757,2692.18,0.172879
3.8729,1.3776,68.7093,2668.28,0.172746
3.8729,1.5612,70.0326,2641.49,0.172473
3.8729,1.7449,71.5764,2623.0,0.172386
3.8729,1.9286,73.01,2601.57,0.172163
3.8729,2.1122,74.4436,2580.93,0.171912
3.8729,2.2959,75.9875,2565.5,0.171752
3.8729,2.4796,77.5313,2551.21,0.171575
3.8729,2.6633,79.0752,2538.08,0.171381
3.8729,2.8469,80.619,2526.11,0.171175
3.8729,3.0306,82.1629,2515.34,0.170959
3.8729,3.2143,83.7068,2505.78,0.170737
3.8729,3.398,85.2506,2497.49,0.170511
3.8729,3.5816,86.9048,2496.87,0.170437
3.8729,3.7653,88.4486,2491.61,0.170222
3.8729,3.949,88.6692,2416.16,0.170176
3.8729,4.1327,88.7794,2345.99,0.170769
3.8729,4.3163,88.6692,2277.76,0.172079
3.8729,4.5,88.3383,2213.87,0.174425
3.9576,-4.5,45.1103,4252.43,0.188094
3.9576,-4.3163,45.0,4168.33,0.186045
3.9576,-4.1327,45.0,4091.07,0.184548
3.9576,-3.949,45.0,4015.54,0.183032
3.9576,-3.7653,45.0,3942.64,0.181925
3.9576,-3.5816,45.0,3871.32,0.181119
3.9576,-3.398,45.0,3802.06,0.179902
3.9576,-3.2143,45.0,3735.12,0.179499
3.9576,-3.0306,45.1103,3671.73,0.17857
3.9576,-2.8469,45.0,3606.88,0.178444
3.9576,-2.6633,45.3308,3550.2,0.177852
3.9576,-2.4796,46.1028,3501.12,0.177764
3.9576,-2.2959,45.5514,3434.83,0.177612
3.9576,-2.1122,46.3233,3385.93,0.177494
3.9576,-1.9286,47.3158,3340.39,0.17758
3.9576,-1.7449,48.198,3293.87,0.17752
3.9576,-1.5612,49.1905,3249.45,0.177544
3.9576,-1.3776,50.0727,3203.82,0.177423
3.9576,-1.1939,51.1754,3162.26,0.177493
3.9576,-1.0102,52.1679,3119.43,0.177418
3.9576,-0.8265,53.1604,3077.05,0.17731
3.9576,-0.6429,54.2632,3037.22,0.177276
3.9576,-0.4592,55.3659,2997.97,0.177207
3.9576,-0.2755,56.5789,2961.58,0.177207
3.9576,-0.0918,57.6817,2923.45,0.177065
3.9576,0.0918,58.8947,2888.31,0.176992
3.9576,0.2755,60.1078,2853.79,0.176881
3.9576,0.4592,61.3208,2819.86,0.176734
3.9576,0.6429,62.6441,2789.35,0.176654
3.9576,0.8265,63.9674,2759.57,0.176538
3.9576,1.0102,65.2907,2730.5,0.176385
3.9576,1.1939,66.614,2702.1,0.176199
3.9576,1.3776,69.5915,2728.15,0.176008
3.9576,1.5612,69.3709,2650.7,0.175828
3.9576,1.7449,70.8045,2627.92,0.175648
3.9576,1.9286,73.8922,2667.6,0.175535
3.9576,2.1122,73.782,2588.88,0.175311
3.9576,2.2959,76.7594,2631.27,0.175099
3.9576,2.4796,76.7594,2553.7,0.174879
3.9576,2.6633,78.3033,2539.86,0.174691
3.9576,2.8469,79.8471,2527.2,0.174488
3.9576,3.0306,81.391,2515.71,0.174274
3.9576,3.2143,83.0451,2510.88,0.174183
3.9576,3.398,84.589,2502.12,0.173961
3.9576,3.5816,86.1328,2494.67,0.173737
3.9576,3.7653,87.787,2494.98,0.173667
3.9576,3.949,87.8972,2416.42,0.173639
3.9576,4.1327,88.0075,2348.8,0.174394
3.9576,4.3163,87.787,2278.9,0.175781
3.9576,4.5,87.3459,2214.28,0.178239
4.0424,-4.5,45.0,4274.54,0.191179
4.0424,-4.3163,45.0,4195.19,0.189438
4.0424,-4.1327,45.0,4117.52,0.187966
4.0424,-3.949,45.0,4042.34,0.186445
4.0424,-3.7653,45.0,3968.98,0.185372
4.0424,-3.5816,45.0,3897.27,0.184073
4.0424,-3.398,45.0,3828.27,0.183387
4.0424,-3.2143,45.2206,3765.52,0.182568
4.0424,-3.0306,45.0,3695.41,0.181962
4.0424,-2.8469,45.5514,3641.83,0.181634
4.0424,-2.6633,45.0,3570.5,0.181068
4.0424,-2.4796,45.7719,3521.36,0.180994
4.0424,-2.2959,45.1103,3454.86,0.180821
4.0424,-2.1122,45.9925,3407.16,0.180832
4.0424,-1.9286,46.8747,3359.96,0.180814
4.0424,-1.7449,47.7569,3313.25,0.180769
4.0424,-1.5612,48.6391,3267.0,0.180695
4.0424,-1.3776,49.6316,3222.81,0.180701
4.0424,-1.1939,50.6241,3179.18,0.180676
4.0424,-1.0102,51.6165,3136.08,0.180619
4.0424,-0.8265,52.7193,3095.39,0.180636
4.0424,-0.6429,53.7118,3053.33,0.180513
4.0424,-0.4592,54.8145,3013.79,0.180462
4.0424,-0.2755,56.0276,2977.02,0.180479
4.0424,-0.0918,57.1303,2938.68,0.180357
4.0424,0.0918,59.9975,2941.81,0.180302
4.0424,0.2755,61.2105,2908.7,0.180192
4.0424,0.4592,62.4236,2876.09,0.180047
4.0424,0.6429,61.9825,2800.7,0.179921
4.0424,0.8265,64.9599,2815.85,0.179762
4.0424,1.0102,66.2832,2788.39,0.179624
4.0424,1.1939,67.6065,2761.56,0.179453
4.0424,1.3776,69.0401,2739.36,0.179364
4.0424,1.5612,70.3634,2713.83,0.17913
4.0424,1.7449,71.797,2693.19,0.178985
4.0424,1.9286,73.2306,2673.4,0.178813
4.0424,2.1122,74.6642,2654.43,0.178618
4.0424,2.2959,76.0977,2636.26,0.1784
4.0424,2.4796,77.6416,2624.12,0.178292
4.0424,2.6633,79.0752,2607.75,0.178038
4.0424,2.8469,80.619,2597.9,0.177907
4.0424,3.0306,80.7293,2521.63,0.177726
4.0424,3.2143,82.2732,2510.9,0.17751
4.0424,3.398,83.817,2501.41,0.177287
4.0424,3.5816,85.4712,2498.95,0.177196
4.0424,3.7653,87.015,2492.37,0.176975
4.0424,3.949,88.5589,2487.2,0.176759
4.0424,4.1327,88.7794,2415.54,0.176944
4.0424,4.3163,88.7794,2343.88,0.177661
4.0424,4.5,88.5589,2275.2,0.179148
4.1271,-4.5,45.0,4301.45,0.194559
4.1271,-4.3163,45.0,4221.72,0.192837
4.1271,-4.1327,45.0,4144.19,0.191189
4.1271,-3.949,45.0,4068.78,0.189865
4.1271,-3.7653,45.1103,3998.43,0.188667
4.1271,-3.5816,45.0,3923.6,0.187523
4.1271,-3.398,45.0,3854.05,0.18688
4.1271,-3.2143,45.0,3786.21,0.185749
4.1271,-3.0306,45.0,3720.97,0.185504
4.1271,-2.8469,45.1103,3658.8,0.184634
4.1271,-2.6633,45.0,3595.77,0.184672
4.1271,-2.4796,45.3308,3539.92,0.184111
4.1271,-2.2959,46.213,3492.72,0.184145
4.1271,-2.1122,45.5514,3427.13,0.184064
4.1271,-1.9286,46.4336,3379.7,0.184059
4.1271,-1.7449,47.3158,3332.78,0.184027
4.1271,-1.5612,48.198,3286.35,0.183967
4.1271,-1.3776,49.1905,3241.89,0.183986
4.1271,-1.1939,50.183,3198.03,0.183976
4.1271,-1.0102,51.1754,3154.73,0.183934
4.1271,-0.8265,52.1679,3111.96,0.183861
4.1271,-0.6429,53.2707,3071.57,0.18386
4.1271,-0.4592,56.0276,3063.92,0.183813
4.1271,-0.2755,57.1303,3026.15,0.183719
4.1271,-0.0918,58.2331,2988.83,0.18359
4.1271,0.0918,59.4461,2954.86,0.183535
4.1271,0.2755,60.6591,2921.49,0.183445
4.1271,0.4592,61.8722,2888.66,0.183318
4.1271,0.6429,63.0852,2856.34,0.183157
4.1271,0.8265,64.4085,2827.93,0.18307
4.1271,1.0102,65.7318,2800.21,0.182949
4.1271,1.1939,67.0551,2773.15,0.182795
4.1271,1.3776,68.3784,2746.72,0.18261
4.1271,1.5612,69.812,2724.91,0.182506
4.1271,1.7449,71.1353,2699.78,0.182259
4.1271,1.9286,72.5689,2679.54,0.1821
4.1271,2.1122,74.0025,2660.14,0.181916
4.1271,2.2959,75.4361,2641.58,0.181709
4.1271,2.4796,76.9799,2628.82,0.181607
4.1271,2.6633,78.4135,2612.08,0.181362
4.1271,2.8469,79.9574,2601.63,0.181234
4.1271,3.0306,79.9574,2522.99,0.181069
4.1271,3.2143,81.5013,2511.55,0.180855
4.1271,3.398,84.4787,2571.97,0.180673
4.1271,3.5816,84.6992,2497.85,0.180531
4.1271,3.7653,86.2431,2490.49,0.180307
4.1271,3.949,87.8972,2490.6,0.180226
4.1271,4.1327,88.0075,2415.81,0.180427
4.1271,4.3163,87.8972,2342.4,0.181202
4.1271,4.5,87.6767,2276.51,0.182869
4.2119,-4.5,45.0,4328.04,0.197946
4.2119,-4.3163,45.0,4248.2,0.196154
4.2119,-4.1327,45.0,4170.7,0.19459
4.2119,-3.949,45.0,4094.85,0.193293
4.2119,-3.7653,45.0,4021.12,0.191891
4.2119,-3.5816,45.0,3949.55,0.19098
4.2119,-3.398,45.1103,3882.37,0.189946
4.2119,-3.2143,45.0,3811.99,0.189245
4.2119,-3.0306,45.3308,3752.84,0.188628
4.2119,-2.8469,45.0,3682.21,0.188046
4.2119,-2.6633,45.5514,3629.06,0.187737
4.2119,-2.4796,45.0,3560.26,0.187361
4.2119,-2.2959,45.7719,3511.26,0.187287
4.2119,-2.1122,46.6541,3464.28,0.187304
4.2119,-1.9286,47.5363,3417.75,0.187293
4.2119,-1.7449,48.4185,3371.65,0.187252
4.2119,-1.5612,47.7569,3305.83,0.187247
4.2119,-1.3776,50.2932,3282.63,0.187197
4.2119,-1.1939,49.6316,3215.49,0.187176
4.2119,-1.0102,50.6241,3171.88,0.18715
4.2119,-0.8265,53.381,3157.9,0.187155
4.2119,-0.6429,54.3734,3116.5,0.187038
4.2119,-0.4592,55.4762,3077.96,0.186997
4.2119,-0.2755,56.5789,3039.94,0.186922
4.2119,-0.0918,57.792,3005.11,0.186919
4.2119,0.0918,58.8947,2968.12,0.186774
4.2119,0.2755,60.1078,2934.45,0.186701
4.2119,0.4592,61.3208,2901.38,0.186593
4.2119,0.6429,62.5338,2868.85,0.186451
4.2119,0.8265,63.8571,2840.12,0.18638
4.2119,1.0102,65.1805,2812.12,0.186276
4.2119,1.1939,66.3935,2781.24,0.186033
4.2119,1.3776,67.8271,2758.16,0.185971
4.2119,1.5612,69.1504,2732.14,0.185772
4.2119,1.7449,70.584,2710.73,0.185653
4.2119,1.9286,71.9073,2686.01,0.185395
4.2119,2.1122,73.3409,2666.18,0.185223
4.2119,2.2959,74.8847,2651.78,0.185145
4.2119,2.4796,76.3183,2633.83,0.18493
4.2119,2.6633,77.7519,2616.71,0.184696
4.2119,2.8469,79.2957,2605.65,0.184571
4.2119,3.0306,80.8396,2595.91,0.184438
4.2119,3.2143,82.2732,2581.71,0.184163
4.2119,3.398,83.817,2574.4,0.184019
4.2119,3.5816,85.3609,2568.55,0.183876
4.2119,3.7653,86.9048,2564.2,0.18374
4.2119,3.949,87.1253,2488.3,0.183565
4.2119,4.1327,88.7794,2489.38,0.183488
4.2119,4.3163,88.8897,2415.02,0.183748
4.2119,4.5,88.7794,2342.01,0.184592
4.2966,-4.5,45.0,4354.37,0.20134
4.2966,-4.3163,45.0,4274.76,0.199541
4.2966,-4.1327,45.0,4196.88,0.197998
4.2966,-3.949,45.0,4120.79,0.196481
4.2966,-3.7653,45.0,4047.18,0.195321
4.2966,-3.5816,45.2206,3981.59,0.1944
4.2966,-3.398,45.0,3905.19,0.193239
4.2966,-3.2143,45.0,3837.35,0.192749
4.2966,-3.0306,45.0,3770.9,0.191696
4.2966,-2.8469,45.0,3707.32,0.191599
4.2966,-2.6633,45.2206,3648.3,0.190907
4.2966,-2.4796,46.1028,3601.57,0.190975
4.2966,-2.2959,45.4411,3531.52,0.190558
4.2966,-2.1122,46.213,3482.79,0.190471
4.2966,-1.9286,47.0952,3436.04,0.190472
4.2966,-1.7449,47.9774,3389.75,0.190445
4.2966,-1.5612,48.9699,3345.71,0.190502
4.2966,-1.3776,49.8521,3300.32,0.190417
4.2966,-1.1939,50.8446,3257.3,0.190413
4.2966,-1.0102,51.8371,3214.78,0.190378
4.2966,-0.8265,52.9398,3174.92,0.190419
4.2966,-0.6429,53.9323,3133.39,0.19032
4.2966,-0.4592,55.0351,3094.64,0.190295
4.2966,-0.2755,56.1378,3056.45,0.190236
4.2966,-0.0918,57.2406,3018.77,0.190144
4.2966,0.0918,58.3434,2981.57,0.190018
4.2966,0.2755,59.5564,2947.61,0.189962
4.2966,0.4592,60.7694,2914.27,0.189872
4.2966,0.6429,61.9825,2881.5,0.189748
4.2966,0.8265,63.3058,2852.44,0.189693
4.2966,1.0102,64.5188,2820.84,0.189502
4.2966,1.1939,65.8421,2793.12,0.189381
4.2966,1.3776,67.1654,2766.09,0.189229
4.2966,1.5612,68.4887,2739.72,0.189046
4.2966,1.7449,69.9223,2717.82,0.188939
4.2966,1.9286,71.3559,2696.83,0.188806
4.2966,2.1122,72.7895,2676.74,0.188648
4.2966,2.2959,74.2231,2657.52,0.188466
4.2966,2.4796,75.6566,2639.15,0.188262
4.2966,2.6633,77.0902,2621.64,0.188038
4.2966,2.8469,78.6341,2609.98,0.187916
4.2966,3.0306,80.0677,2594.35,0.18766
4.2966,3.2143,81.6115,2585.07,0.187519
4.2966,3.398,83.1554,2577.14,0.187375
4.2966,3.5816,84.6992,2570.65,0.187231
4.2966,3.7653,86.2431,2565.63,0.187091
4.2966,3.949,86.3534,2486.7,0.186925
4.2966,4.1327,88.0075,2486.65,0.186834
4.2966,4.3163,88.0075,2410.4,0.187138
4.2966,4.5,87.8972,2340.74,0.188155
4.3814,-4.5,45.0,4380.98,0.204719
4.3814,-4.3163,45.0,4301.02,0.202935
4.3814,-4.1327,45.1103,4227.23,0.201531
4.3814,-3.949,45.0,4146.95,0.19989
4.3814,-3.7653,45.0,4072.9,0.198757
4.3814,-3.5816,45.0,4000.57,0.197463
4.3814,-3.398,45.0,3930.75,0.196705
4.3814,-3.2143,45.2206,3867.67,0.195903
4.3814,-3.0306,45.0,3796.26,0.195202
4.3814,-2.8469,45.4411,3740.32,0.194762
4.3814,-2.6633,45.0,3669.46,0.194212
4.3814,-2.4796,45.6617,3618.69,0.194042
4.3814,-2.2959,45.0,3550.39,0.193724
4.3814,-2.1122,45.8822,3502.98,0.193761
4.3814,-1.9286,46.7644,3456.08,0.193773
4.3814,-1.7449,47.6466,3409.66,0.193758
4.3814,-1.5612,48.5288,3363.69,0.193715
4.3814,-1.3776,49.411,3318.15,0.193645
4.3814,-1.1939,50.4035,3274.89,0.193655
4.3814,-1.0102,51.396,3232.16,0.193634
4.3814,-0.8265,52.3885,3189.93,0.193583
4.3814,-0.6429,53.4912,3150.33,0.193606
4.3814,-0.4592,54.4837,3109.1,0.193491
4.3814,-0.2755,55.5865,3070.61,0.193449
4.3814,-0.0918,56.6892,3032.67,0.193374
4.3814,0.0918,57.9023,2997.81,0.193369
4.3814,0.2755,59.005,2960.96,0.193227
4.3814,0.4592,60.218,2927.33,0.193154
4.3814,0.6429,61.4311,2894.31,0.193047
4.3814,0.8265,62.6441,2861.87,0.192907
4.3814,1.0102,63.9674,2833.11,0.192835
4.3814,1.1939,65.2907,2805.09,0.192731
4.3814,1.3776,66.614,2777.8,0.192595
4.3814,1.5612,67.9373,2751.2,0.192429
4.3814,1.7449,69.2607,2725.26,0.192232
4.3814,1.9286,70.6942,2703.79,0.192111
4.3814,2.1122,72.1278,2683.23,0.191965
4.3814,2.2959,73.5614,2663.57,0.191794
4.3814,2.4796,74.995,2644.78,0.191601
4.3814,2.6633,76.4286,2626.87,0.191387
4.3814,2.8469,77.9724,2614.61,0.191271
4.3814,3.0306,79.406,2598.6,0.191023
4.3814,3.2143,80.9499,2588.71,0.190884
4.3814,3.398,82.4937,2580.18,0.190741
4.3814,3.5816,84.0376,2573.05,0.190596
4.3814,3.7653,85.5815,2567.38,0.190453
4.3814,3.949,87.1253,2563.25,0.190317
4.3814,4.1327,88.6692,2560.75,0.190191
4.3814,4.3163,88.8897,2485.56,0.190114
4.3814,4.5,88.8897,2409.67,0.190475
4.4661,-4.5,45.0,4407.31,0.208105
4.4661,-4.3163,45.0,4326.98,0.206336
4.4661,-4.1327,45.0,4248.87,0.204681
4.4661,-3.949,45.0,4172.79,0.203305
4.4661,-3.7653,45.1103,4102.04,0.20211
4.4661,-3.5816,45.0,4026.27,0.200901
4.4661,-3.398,45.0,3955.93,0.200178
4.4661,-3.2143,45.0,3887.38,0.199059
4.4661,-3.0306,45.0,3821.22,0.198716
4.4661,-2.8469,45.1103,3758.42,0.197865
4.4661,-2.6633,45.0,3694.14,0.197777
4.4661,-2.4796,45.3308,3637.91,0.197243
4.4661,-2.2959,46.1028,3589.27,0.197184
4.4661,-2.1122,45.4411,3521.81,0.196949
4.4661,-1.9286,46.3233,3474.65,0.196971
4.4661,-1.7449,47.2055,3428.0,0.196967
4.4661,-1.5612,48.0877,3381.84,0.196938
4.4661,-1.3776,48.9699,3336.13,0.196881
4.4661,-1.1939,49.9624,3292.6,0.196903
4.4661,-1.0102,50.9549,3249.65,0.196896
4.4661,-0.8265,51.9474,3207.22,0.196859
4.4661,-0.6429,52.9398,3165.3,0.196792
4.4661,-0.4592,54.0426,3125.98,0.196797
4.4661,-0.2755,55.1454,3087.27,0.19677
4.4661,-0.0918,56.2481,3049.15,0.196711
4.4661,0.0918,57.3509,3011.58,0.19662
4.4661,0.2755,58.4536,2974.52,0.196496
4.4661,0.4592,59.6667,2940.57,0.19644
4.4661,0.6429,60.8797,2907.28,0.19635
4.4661,0.8265,62.0927,2874.6,0.196227
4.4661,1.0102,63.416,2845.49,0.196171
4.4661,1.1939,64.6291,2814.04,0.195983
4.4661,1.3776,65.9524,2786.33,0.195863
4.4661,1.5612,67.2757,2759.35,0.195712
4.4661,1.7449,70.2531,2788.79,0.195617
4.4661,1.9286,70.0326,2711.09,0.195423
4.4661,2.1122,71.4662,2690.05,0.195288
4.4661,2.2959,72.8997,2669.94,0.195129
4.4661,2.4796,74.3333,2650.72,0.194947
4.4661,2.6633,75.7669,2632.39,0.194744
4.4661,2.8469,77.3108,2619.53,0.194632
4.4661,3.0306,78.7444,2603.13,0.194394
4.4661,3.2143,80.2882,2592.65,0.194258
4.4661,3.398,81.8321,2583.51,0.194116
4.4661,3.5816,83.3759,2575.75,0.193971
4.4661,3.7653,84.9198,2569.44,0.193826
4.4661,3.949,86.4637,2564.64,0.193686
4.4661,4.1327,88.0075,2561.42,0.193554
4.4661,4.3163,88.1178,2483.09,0.193486
4.4661,4.5,88.1178,2410.19,0.194
4.5508,-4.5,45.0,4433.36,0.211498
4.5508,-4.3163,45.0,4352.94,0.209693
4.5508,-4.1327,45.0,4274.8,0.208081
4.5508,-3.949,45.0,4198.3,0.206726
4.5508,-3.7653,45.0,4123.93,0.205323
4.5508,-3.5816,45.0,4051.63,0.204345
4.5508,-3.398,45.1103,3983.96,0.203319
4.5508,-3.2143,45.0,3912.56,0.202535
4.5508,-3.0306,45.3308,3853.2,0.201936
4.5508,-2.8469,45.0,3781.07,0.201247
4.5508,-2.6633,45.5514,3727.97,0.200963
4.5508,-2.4796,45.0,3657.16,0.200453
4.5508,-2.2959,45.7719,3608.44,0.200406
4.5508,-2.1122,45.0,3540.87,0.200149
4.5508,-1.9286,45.8822,3493.43,0.20018
4.5508,-1.7449,46.7644,3446.54,0.200187
4.5508,-1.5612,47.6466,3400.16,0.200169
4.5508,-1.3776,48.5288,3354.25,0.200125
4.5508,-1.1939,49.5213,3310.46,0.200158
4.5508,-1.0102,50.5138,3267.25,0.200163
4.5508,-0.8265,51.5063,3224.61,0.20014
4.5508,-0.6429,52.4987,3182.5,0.200088
4.5508,-0.4592,53.4912,3140.89,0.200006
4.5508,-0.2755,54.594,3101.85,0.199994
4.5508,-0.0918,55.6967,3063.43,0.199951
4.5508,0.0918,56.7995,3025.59,0.199876
4.5508,0.2755,57.9023,2988.29,0.199769
4.5508,0.4592,59.1153,2954.02,0.199728
4.5508,0.6429,60.3283,2920.42,0.199655
4.5508,0.8265,61.5414,2887.48,0.199549
4.5508,1.0102,62.7544,2855.14,0.199411
4.5508,1.1939,65.7318,2873.73,0.199331
4.5508,1.3776,67.0551,2847.89,0.199228
4.5508,1.5612,68.3784,2822.74,0.199097
4.5508,1.7449,68.0476,2744.57,0.198934
4.5508,1.9286,69.3709,2718.72,0.19874
4.5508,2.1122,70.8045,2697.2,0.198618
4.5508,2.2959,72.2381,2676.62,0.19847
4.5508,2.4796,75.2155,2716.16,0.198278
4.5508,2.6633,75.1053,2638.21,0.198107
4.5508,2.8469,76.6491,2624.74,0.198001
4.5508,3.0306,78.0827,2607.95,0.197772
4.5508,3.2143,79.6266,2596.87,0.197639
4.5508,3.398,81.1704,2587.12,0.197499
4.5508,3.5816,82.604,2573.42,0.197233
4.5508,3.7653,84.1479,2566.19,0.197082
4.5508,3.949,85.6917,2560.42,0.196932
4.5508,4.1327,87.2356,2556.18,0.196789
4.5508,4.3163,88.7794,2553.57,0.196655
4.5508,4.5,89.0,2482.12,0.196782
4.6356,-4.5,45.0,4459.2,0.214927
4.6356,-4.3163,45.0,4378.96,0.213084
4.6356,-4.1327,45.0,4300.44,0.211488
4.6356,-3.949,45.0,4223.74,0.209963
4.6356,-3.7653,45.0,4149.43,0.208745
4.6356,-3.5816,45.0,4076.65,0.207795
4.6356,-3.398,45.0,4006.02,0.206594
4.6356,-3.2143,45.0,3937.37,0.206016
4.6356,-3.0306,45.0,3870.15,0.204975
4.6356,-2.8469,45.0,3805.63,0.20477
4.6356,-2.6633,45.2206,3746.11,0.204099
4.6356,-2.4796,45.0,3681.42,0.204029
4.6356,-2.2959,45.3308,3625.95,0.203521
4.6356,-2.1122,46.213,3579.16,0.203575
4.6356,-1.9286,45.4411,3512.44,0.2034
4.6356,-1.7449,46.3233,3465.28,0.203416
4.6356,-1.5612,47.2055,3418.66,0.203409
4.6356,-1.3776,48.0877,3372.55,0.203376
4.6356,-1.1939,49.0802,3328.45,0.20342
4.6356,-1.0102,50.0727,3284.98,0.203437
4.6356,-0.8265,50.9549,3240.39,0.203326
4.6356,-0.6429,52.0576,3199.8,0.203387
4.6356,-0.4592,53.0501,3158.01,0.20332
4.6356,-0.2755,54.0426,3116.72,0.203224
4.6356,-0.0918,55.1454,3077.97,0.203195
4.6356,0.0918,56.2481,3039.84,0.203136
4.6356,0.2755,59.1153,3041.39,0.203119
4.6356,0.4592,58.5639,2967.66,0.20302
4.6356,0.6429,61.4311,2973.59,0.202906
4.6356,0.8265,62.6441,2942.06,0.202804
4.6356,1.0102,62.203,2867.93,0.202752
4.6356,1.1939,65.1805,2884.17,0.202611
4.6356,1.3776,64.7393,2807.5,0.20251
4.6356,1.5612,66.0627,2779.83,0.202391
4.6356,1.7449,67.386,2752.9,0.202241
4.6356,1.9286,70.4737,2783.76,0.202088
4.6356,2.1122,71.797,2760.32,0.20189
4.6356,2.2959,73.2306,2742.01,0.20178
4.6356,2.4796,74.6642,2724.64,0.20165
4.6356,2.6633,74.4436,2644.32,0.201475
4.6356,2.8469,77.5313,2692.75,0.201339
4.6356,3.0306,77.4211,2613.05,0.201156
4.6356,3.2143,80.3985,2664.63,0.200969
4.6356,3.398,80.3985,2586.17,0.200778
4.6356,3.5816,81.9424,2576.93,0.20063
4.6356,3.7653,83.4862,2569.09,0.20048
4.6356,3.949,85.0301,2562.69,0.200329
4.6356,4.1327,86.5739,2557.79,0.200183
4.6356,4.3163,88.1178,2554.48,0.200043
4.6356,4.5,88.2281,2479.89,0.200177
4.7203,-4.5,45.0,4485.3,0.218314
4.7203,-4.3163,45.0,4404.7,0.216481
4.7203,-4.1327,45.1103,4330.5,0.215071
4.7203,-3.949,45.0,4249.35,0.21337
4.7203,-3.7653,45.0,4174.61,0.212173
4.7203,-3.5816,45.0,4101.61,0.210877
4.7203,-3.398,45.0,4031.03,0.210046
4.7203,-3.2143,45.2206,3967.6,0.209255
4.7203,-3.0306,45.0,3894.96,0.208459
4.7203,-2.8469,45.4411,3838.94,0.208039
4.7203,-2.6633,45.0,3766.38,0.207371
4.7203,-2.4796,45.6617,3715.8,0.207225
4.7203,-2.2959,45.0,3645.28,0.206762
4.7203,-2.1122,45.7719,3596.66,0.206712
4.7203,-1.9286,45.1103,3532.76,0.206735
4.7203,-1.7449,45.9925,3485.4,0.206759
4.7203,-1.5612,46.7644,3437.36,0.206657
4.7203,-1.3776,49.3008,3413.16,0.206709
4.7203,-1.1939,48.6391,3346.61,0.206689
4.7203,-1.0102,49.5213,3301.34,0.206618
4.7203,-0.8265,50.5138,3258.12,0.206619
4.7203,-0.6429,51.5063,3215.49,0.206594
4.7203,-0.4592,52.4987,3173.42,0.206541
4.7203,-0.2755,55.2556,3164.04,0.206517
4.7203,-0.0918,56.3584,3126.64,0.206485
4.7203,0.0918,57.4612,3089.78,0.206422
4.7203,0.2755,58.5639,3053.42,0.206327
4.7203,0.4592,59.7769,3020.46,0.206303
4.7203,0.6429,60.99,2988.15,0.206248
4.7203,0.8265,62.203,2956.46,0.206161
4.7203,1.0102,63.416,2925.35,0.206044
4.7203,1.1939,64.6291,2894.79,0.205896
4.7203,1.3776,65.9524,2868.3,0.205821
4.7203,1.5612,67.1654,2838.86,0.205613
4.7203,1.7449,68.4887,2813.69,0.205481
4.7203,1.9286,69.9223,2793.22,0.205428
4.7203,2.1122,71.2456,2769.55,0.205243
4.7203,2.2959,72.6792,2750.88,0.205144
4.7203,2.4796,74.0025,2728.63,0.204911
4.7203,2.6633,75.4361,2711.69,0.204771
4.7203,2.8469,76.8697,2695.7,0.204613
4.7203,3.0306,78.3033,2680.66,0.20444
4.7203,3.2143,79.8471,2671.99,0.20438
4.7203,3.398,79.7368,2590.56,0.20418
4.7203,3.5816,82.7143,2647.2,0.203982
4.7203,3.7653,82.8246,2572.27,0.203886
4.7203,3.949,84.3684,2565.25,0.203735
4.7203,4.1327,85.9123,2559.7,0.203586
4.7203,4.3163,87.4561,2555.71,0.203443
4.7203,4.5,89.0,2553.35,0.203309
4.8051,-4.5,45.0,4511.14,0.221706
4.8051,-4.3163,45.0,4430.18,0.219884
4.8051,-4.1327,45.0,4351.42,0.218214
4.8051,-3.949,45.0,4274.68,0.216781
4.8051,-3.7653,45.1103,4203.46,0.215585
4.8051,-3.5816,45.0,4126.78,0.214306
4.8051,-3.398,45.0,4055.71,0.213503
4.8051,-3.2143,45.0,3986.4,0.212389
4.8051,-3.0306,45.0,3919.42,0.211949
4.8051,-2.8469,45.1103,3855.98,0.211113
4.8051,-2.6633,45.0,3790.56,0.210903
4.8051,-2.4796,45.3308,3733.96,0.210392
4.8051,-2.2959,45.0,3669.13,0.210347
4.8051,-2.1122,45.4411,3615.92,0.209971
4.8051,-1.9286,46.3233,3569.17,0.210017
4.8051,-1.7449,47.0952,3521.23,0.209931
4.8051,-1.5612,47.9774,3475.38,0.209929
4.8051,-1.3776,48.8596,3429.98,0.209901
4.8051,-1.1939,49.8521,3386.93,0.209953
4.8051,-1.0102,50.7343,3342.43,0.209872
4.8051,-0.8265,51.7268,3300.4,0.209869
4.8051,-0.6429,52.7193,3258.88,0.209837
4.8051,-0.4592,52.0576,3190.82,0.209864
4.8051,-0.2755,54.8145,3179.61,0.209788
4.8051,-0.0918,55.9173,3141.99,0.209769
4.8051,0.0918,57.0201,3104.94,0.20972
4.8051,0.2755,58.1228,3068.42,0.209641
4.8051,0.4592,59.2256,3032.4,0.20953
4.8051,0.6429,60.4386,2999.76,0.20949
4.8051,0.8265,61.6516,2967.77,0.209418
4.8051,1.0102,62.8647,2936.39,0.209316
4.8051,1.1939,64.0777,2905.59,0.209183
4.8051,1.3776,65.401,2878.75,0.209122
4.8051,1.5612,66.614,2849.12,0.20893
4.8051,1.7449,67.9373,2823.66,0.208811
4.8051,1.9286,69.2607,2798.92,0.208665
4.8051,2.1122,70.6942,2778.87,0.208598
4.8051,2.2959,72.0175,2755.63,0.208402
4.8051,2.4796,73.4511,2737.39,0.20829
4.8051,2.6633,74.8847,2720.12,0.208159
4.8051,2.8469,76.3183,2703.82,0.208011
4.8051,3.0306,77.7519,2688.49,0.207847
4.8051,3.2143,79.1855,2674.12,0.207669
4.8051,3.398,80.619,2660.72,0.207479
4.8051,3.5816,82.1629,2654.03,0.207409
4.8051,3.7653,83.5965,2642.87,0.207205
4.8051,3.949,85.1404,2639.06,0.207138
4.8051,4.1327,86.5739,2630.29,0.206931
4.8051,4.3163,86.7945,2557.24,0.206852
4.8051,4.5,88.3383,2554.18,0.206713
4.8898,-4.5,45.0,4536.73,0.225105
4.8898,-4.3163,45.0,4455.66,0.22328
4.8898,-4.1327,45.0,4376.87,0.221616
4.8898,-3.949,45.0,4299.71,0.220199
4.8898,-3.7653,45.0,4224.65,0.218787
4.8898,-3.5816,45.0,4151.65,0.21774
4.8898,-3.398,45.1103,4083.44,0.216717
4.8898,-3.2143,45.0,4011.08,0.215847
4.8898,-3.0306,45.3308,3951.5,0.215263
4.8898,-2.8469,45.0,3877.94,0.214468
4.8898,-2.6633,45.5514,3824.91,0.214206
4.8898,-2.4796,45.0,3752.18,0.213568
4.8898,-2.2959,45.7719,3703.79,0.213544
4.8898,-2.1122,45.0,3633.81,0.21313
4.8898,-1.9286,45.8822,3586.77,0.213185
4.8898,-1.7449,46.7644,3540.26,0.213216
4.8898,-1.5612,47.6466,3494.26,0.213223
4.8898,-1.3776,48.5288,3448.73,0.213205
4.8898,-1.1939,49.411,3403.65,0.213163
4.8898,-1.0102,50.4035,3360.91,0.213198
4.8898,-0.8265,51.2857,3316.72,0.213104
4.8898,-0.6429,52.2782,3274.98,0.213084
4.8898,-0.4592,53.2707,3233.75,0.213037
4.8898,-0.2755,54.3734,3195.26,0.213061
4.8898,-0.0918,55.3659,3155.03,0.212957
4.8898,0.0918,56.4687,3117.67,0.212922
4.8898,0.2755,57.5714,3080.87,0.212857
4.8898,0.4592,58.7845,3047.29,0.212861
4.8898,0.6429,59.8872,3011.61,0.212736
4.8898,0.8265,61.1003,2979.3,0.212679
4.8898,1.0102,62.3133,2947.63,0.212591
4.8898,1.1939,63.5263,2916.57,0.212474
4.8898,1.3776,64.7393,2886.08,0.212327
4.8898,1.5612,66.0627,2859.54,0.212249
4.8898,1.7449,67.386,2833.77,0.212144
4.8898,1.9286,68.7093,2808.74,0.212012
4.8898,2.1122,70.0326,2784.43,0.211853
4.8898,2.2959,71.4662,2764.83,0.211772
4.8898,2.4796,72.7895,2742.02,0.211566
4.8898,2.6633,74.2231,2724.22,0.211442
4.8898,2.8469,75.6566,2707.39,0.2113
4.8898,3.0306,77.0902,2691.54,0.211142
4.8898,3.2143,78.5238,2676.67,0.21097
4.8898,3.398,79.9574,2662.77,0.210784
4.8898,3.5816,81.5013,2655.32,0.210711
4.8898,3.7653,82.9348,2643.65,0.21051
4.8898,3.949,84.4787,2639.04,0.210436
4.8898,4.1327,84.4787,2559.21,0.210305
4.8898,4.3163,86.0226,2553.62,0.21015
4.8898,4.5,87.5664,2549.58,0.210001
4.9746,-4.5,45.0,4562.12,0.228569
4.9746,-4.3163,45.0,4481.22,0.226676
4.9746,-4.1327,45.0,4402.04,0.225023
4.9746,-3.949,45.0,4324.66,0.223483
4.9746,-3.7653,45.0,4249.67,0.222204
4.9746,-3.5816,45.0,4176.2,0.221179
4.9746,-3.398,45.0,4104.82,0.219976
4.9746,-3.2143,45.0,4035.43,0.219311
4.9746,-3.0306,45.0,3967.4,0.218275
4.9746,-2.8469,45.0,3902.04,0.217966
4.9746,-2.6633,45.2206,3842.01,0.217311
4.9746,-2.4796,45.0,3776.0,0.217108
4.9746,-2.2959,45.3308,3720.11,0.216624
4.9746,-2.1122,46.213,3673.81,0.216702
4.9746,-1.9286,45.5514,3606.01,0.216468
4.9746,-1.7449,46.3233,3557.83,0.216403
4.9746,-1.5612,47.2055,3511.58,0.216419
4.9746,-1.3776,48.0877,3465.82,0.216412
4.9746,-1.1939,48.9699,3420.54,0.216381
4.9746,-1.0102,49.9624,3377.51,0.216426
4.9746,-0.8265,50.8446,3333.18,0.216345
4.9746,-0.6429,51.8371,3291.21,0.216337
4.9746,-0.4592,52.8296,3249.78,0.216303
4.9746,-0.2755,53.9323,3211.01,0.216339
4.9746,-0.0918,54.9248,3170.63,0.216248
4.9746,0.0918,56.0276,3133.04,0.216227
4.9746,0.2755,57.1303,3096.05,0.216176
4.9746,0.4592,58.2331,3059.61,0.216096
4.9746,0.6429,59.3358,3023.7,0.215987
4.9746,0.8265,60.5489,2991.05,0.215943
4.9746,1.0102,61.7619,2959.08,0.21587
4.9746,1.1939,62.9749,2927.74,0.215768
4.9746,1.3776,64.188,2897.01,0.215636
4.9746,1.5612,65.5113,2870.12,0.215571
4.9746,1.7449,66.8346,2844.02,0.215479
4.9746,1.9286,68.1579,2818.7,0.21536
4.9746,2.1122,69.4812,2794.11,0.215214
4.9746,2.2959,70.8045,2770.24,0.215044
4.9746,2.4796,72.2381,2751.09,0.21495
4.9746,2.6633,73.5614,2728.73,0.214734
4.9746,2.8469,74.995,2711.38,0.214599
4.9746,3.0306,76.4286,2695.01,0.214447
4.9746,3.2143,77.8622,2679.63,0.21428
4.9746,3.398,79.406,2670.24,0.214214
4.9746,3.5816,80.8396,2657.04,0.214025
4.9746,3.7653,82.3835,2650.38,0.21395
4.9746,3.949,83.817,2639.47,0.213748
4.9746,4.1327,85.3609,2635.71,0.213676
4.9746,4.3163,86.7945,2627.23,0.213472
4.9746,4.5,88.3383,2626.65,0.213417
5.0593,-4.5,45.0,4587.78,0.231964
5.0593,-4.3163,45.0,4506.53,0.230077
5.0593,-4.1327,45.0,4426.96,0.228544
5.0593,-3.949,45.0,4349.82,0.226889
5.0593,-3.7653,45.0,4274.41,0.225626
5.0593,-3.5816,45.0,4200.68,0.224322
5.0593,-3.398,45.0,4129.38,0.223415
5.0593,-3.2143,45.2206,4065.56,0.222632
5.0593,-3.0306,45.0,3991.75,0.22174
5.0593,-2.8469,45.4411,3935.66,0.221338
5.0593,-2.6633,45.0,3861.46,0.220555
5.0593,-2.4796,45.6617,3811.08,0.220431
5.0593,-2.2959,45.0,3738.46,0.219829
5.0593,-2.1122,45.7719,3690.12,0.219802
5.0593,-1.9286,45.1103,3624.0,0.219655
5.0593,-1.7449,45.9925,3577.0,0.219702
5.0593,-1.5612,46.7644,3529.12,0.219625
5.0593,-1.3776,47.6466,3483.12,0.219627
5.0593,-1.1939,48.5288,3437.63,0.219607
5.0593,-1.0102,49.5213,3394.3,0.219661
5.0593,-0.8265,50.4035,3349.8,0.219592
5.0593,-0.6429,51.396,3307.59,0.219595
5.0593,-0.4592,52.3885,3265.93,0.219573
5.0593,-0.2755,53.381,3224.81,0.219524
5.0593,-0.0918,54.4837,3186.32,0.219543
5.0593,0.0918,55.4762,3146.24,0.219439
5.0593,0.2755,56.5789,3108.93,0.219402
5.0593,0.4592,57.6817,3072.21,0.219336
5.0593,0.6429,58.8947,3038.59,0.219336
5.0593,0.8265,59.9975,3003.04,0.219212
5.0593,1.0102,61.2105,2970.75,0.219153
5.0593,1.1939,62.4236,2939.12,0.219064
5.0593,1.3776,63.6366,2908.12,0.218947
5.0593,1.5612,64.9599,2880.86,0.218895
5.0593,1.7449,66.1729,2851.15,0.218722
5.0593,1.9286,67.4962,2825.37,0.218615
5.0593,2.1122,68.8195,2800.36,0.218482
5.0593,2.2959,70.2531,2779.78,0.21842
5.0593,2.4796,71.5764,2756.36,0.218238
5.0593,2.6633,73.01,2737.66,0.218132
5.0593,2.8469,74.4436,2719.97,0.218007
5.0593,3.0306,75.8772,2703.28,0.217865
5.0593,3.2143,77.3108,2687.58,0.217706
5.0593,3.398,78.7444,2672.88,0.217534
5.0593,3.5816,80.1779,2659.18,0.217349
5.0593,3.7653,81.7218,2651.77,0.217272
5.0593,3.949,83.1554,2640.34,0.217072
5.0593,4.1327,84.6992,2635.79,0.216994
5.0593,4.3163,86.1328,2626.76,0.21679
5.0593,4.5,87.6767,2625.3,0.216725
5.1441,-4.5,45.0,4613.21,0.235364
5.1441,-4.3163,45.0,4531.59,0.233483
5.1441,-4.1327,45.0,4452.12,0.231793
5.1441,-3.949,45.0,4374.71,0.230299
5.1441,-3.7653,45.0,4298.86,0.229052
5.1441,-3.5816,45.0,4225.4,0.227743
5.1441,-3.398,45.0,4153.63,0.22686
5.1441,-3.2143,45.0,4083.53,0.225744
5.1441,-3.0306,45.0,4015.77,0.225211
5.1441,-2.8469,45.1103,3951.67,0.224384
5.1441,-2.6633,45.0,3885.22,0.224059
5.1441,-2.4796,45.3308,3828.25,0.223566
5.1441,-2.2959,45.0,3761.91,0.223377
5.1441,-2.1122,45.4411,3708.43,0.223025
5.1441,-1.9286,46.3233,3662.13,0.223094
5.1441,-1.7449,45.5514,3594.95,0.222907
5.1441,-1.5612,46.4336,3548.22,0.222939
5.1441,-1.3776,47.3158,3502.05,0.222951
5.1441,-1.1939,48.198,3456.41,0.222938
5.1441,-1.0102,49.0802,3411.26,0.222903
5.1441,-0.8265,49.9624,3366.59,0.222845
5.1441,-0.6429,50.9549,3324.11,0.222859
5.1441,-0.4592,51.9474,3282.22,0.222848
5.1441,-0.2755,52.9398,3240.88,0.222811
5.1441,-0.0918,53.9323,3200.07,0.222747
5.1441,0.0918,55.0351,3161.88,0.222751
5.1441,0.2755,56.1378,3124.33,0.222726
5.1441,0.4592,57.2406,3087.41,0.222674
5.1441,0.6429,58.3434,3051.07,0.222595
5.1441,0.8265,59.5564,3017.81,0.222576
5.1441,1.0102,60.6591,2982.64,0.222438
5.1441,1.1939,61.8722,2950.7,0.222364
5.1441,1.3776,63.0852,2919.42,0.222261
5.1441,1.5612,66.0627,2939.75,0.222221
5.1441,1.7449,65.6216,2861.84,0.222062
5.1441,1.9286,66.9449,2835.73,0.221968
5.1441,2.1122,68.2682,2810.41,0.221848
5.1441,2.2959,69.5915,2785.86,0.221702
5.1441,2.4796,72.5689,2820.48,0.221572
5.1441,2.6633,72.3484,2742.8,0.221435
5.1441,2.8469,75.3258,2784.12,0.221313
5.1441,3.0306,75.2155,2707.35,0.221182
5.1441,3.2143,76.6491,2691.13,0.22103
5.1441,3.398,78.0827,2675.92,0.220863
5.1441,3.5816,79.5163,2661.72,0.220683
5.1441,3.7653,81.0602,2653.58,0.220604
5.1441,3.949,82.4937,2641.63,0.220407
5.1441,4.1327,84.0376,2636.31,0.220325
5.1441,4.3163,85.5815,2632.62,0.220249
5.1441,4.5,87.015,2624.45,0.220047
5.2288,-4.5,45.0,4638.42,0.23877
5.2288,-4.3163,45.0,4556.62,0.236917
5.2288,-4.1327,45.0,4477.15,0.235196
5.2288,-3.949,45.0,4399.34,0.233714
5.2288,-3.7653,45.0,4323.54,0.232287
5.2288,-3.5816,45.0,4249.85,0.231169
5.2288,-3.398,45.1103,4181.08,0.230144
5.2288,-3.2143,45.0,4107.77,0.229189
5.2288,-3.0306,45.3308,4047.97,0.228616
5.2288,-2.8469,45.0,3973.02,0.227717
5.2288,-2.6633,45.5514,3920.07,0.227473
5.2288,-2.4796,45.0,3845.51,0.226711
5.2288,-2.2959,45.7719,3797.48,0.22671
5.2288,-2.1122,45.1103,3726.79,0.226255
5.2288,-1.9286,45.8822,3678.59,0.226225
5.2288,-1.7449,45.2206,3614.28,0.226222
5.2288,-1.5612,45.9925,3566.12,0.226162
5.2288,-1.3776,46.8747,3519.67,0.22618
5.2288,-1.1939,47.7569,3473.78,0.226177
5.2288,-1.0102,48.6391,3428.41,0.226152
5.2288,-0.8265,49.5213,3383.54,0.226104
5.2288,-0.6429,50.5138,3340.78,0.226128
5.2288,-0.4592,51.5063,3298.64,0.226127
5.2288,-0.2755,52.4987,3257.08,0.226101
5.2288,-0.0918,53.4912,3216.07,0.22605
5.2288,0.0918,54.594,3177.6,0.226065
5.2288,0.2755,55.5865,3137.68,0.225961
5.2288,0.4592,56.6892,3100.44,0.225922
5.2288,0.6429,57.792,3063.8,0.225855
5.2288,0.8265,60.6591,3068.91,0.225807
5.2288,1.0102,60.1078,2994.75,0.225727
5.2288,1.1939,61.3208,2962.49,0.225666
5.2288,1.3776,62.5338,2930.91,0.225577
5.2288,1.5612,65.5113,2948.81,0.22548
5.2288,1.7449,65.0702,2872.69,0.225405
5.2288,1.9286,68.0476,2896.04,0.225254
5.2288,2.1122,69.3709,2872.62,0.225155
5.2288,2.2959,70.6942,2849.96,0.225033
5.2288,2.4796,72.0175,2828.02,0.224888
5.2288,2.6633,73.4511,2811.35,0.224832
5.2288,2.8469,73.1203,2729.56,0.224634
5.2288,3.0306,74.5539,2711.81,0.224506
5.2288,3.2143,75.9875,2695.08,0.224361
5.2288,3.398,77.4211,2679.35,0.2242
5.2288,3.5816,80.3985,2732.84,0.224096
5.2288,3.7653,80.3985,2655.79,0.223946
5.2288,3.949,81.8321,2643.33,0.223753
5.2288,4.1327,83.3759,2637.26,0.223667
5.2288,4.3163,84.9198,2632.79,0.223585
5.2288,4.5,86.3534,2624.05,0.223383
5.3136,-4.5,45.1103,4669.37,0.242595
5.3136,-4.3163,45.0,4581.79,0.240319
5.3136,-4.1327,45.0,4501.95,0.238605
5.3136,-3.949,45.0,4423.83,0.237045
5.3136,-3.7653,45.0,4348.15,0.235701
5.3136,-3.5816,45.0,4274.01,0.2346
5.3136,-3.398,45.0,4201.84,0.233389
5.3136,-3.2143,45.0,4131.72,0.232639
5.3136,-3.0306,45.1103,4065.93,0.231756
5.3136,-2.8469,45.0,3996.73,0.231193
5.3136,-2.6633,45.2206,3936.19,0.230551
5.3136,-2.4796,45.0,3868.94,0.230223
5.3136,-2.2959,45.4411,3814.7,0.229872
5.3136,-2.1122,45.0,3748.28,0.229705
5.3136,-1.9286,45.5514,3696.91,0.229471
5.3136,-1.7449,46.3233,3648.97,0.229428
5.3136,-1.5612,47.2055,3603.13,0.229468
5.3136,-1.3776,46.4336,3537.53,0.22942
5.3136,-1.1939,47.3158,3491.37,0.229425
5.3136,-1.0102,48.198,3445.76,0.229408
5.3136,-0.8265,49.1905,3402.13,0.229463
5.3136,-0.6429,50.0727,3357.62,0.229403
5.3136,-0.4592,52.7193,3342.02,0.229412
5.3136,-0.2755,53.7118,3301.58,0.229381
5.3136,-0.0918,54.7043,3261.61,0.229324
5.3136,0.0918,54.0426,3191.5,0.229292
5.3136,0.2755,55.1454,3153.34,0.229291
5.3136,0.4592,57.9023,3149.69,0.229186
5.3136,0.6429,57.3509,3079.01,0.229209
5.3136,0.8265,60.218,3082.43,0.229117
5.3136,1.0102,61.3208,3048.14,0.228992
5.3136,1.1939,62.5338,3017.5,0.228936
5.3136,1.3776,63.7469,2987.49,0.228853
5.3136,1.5612,64.9599,2958.09,0.228743
5.3136,1.7449,66.2832,2932.86,0.228705
5.3136,1.9286,67.4962,2904.71,0.228542
5.3136,2.1122,68.8195,2880.95,0.228454
5.3136,2.2959,70.1429,2857.96,0.228342
5.3136,2.4796,71.4662,2835.73,0.228208
5.3136,2.6633,72.7895,2814.22,0.228052
5.3136,2.8469,74.2231,2797.99,0.227984
5.3136,3.0306,75.5464,2778.06,0.22779
5.3136,3.2143,76.9799,2763.76,0.22769
5.3136,3.398,78.4135,2750.55,0.22758
5.3136,3.5816,79.8471,2738.43,0.22746
5.3136,3.7653,79.7368,2658.39,0.227297
5.3136,3.949,82.7143,2717.55,0.2272
5.3136,4.1327,82.7143,2638.62,0.227019
5.3136,4.3163,84.2581,2633.39,0.226933
5.3136,4.5,85.6917,2624.11,0.226731
5.3983,-4.5,45.0,4688.67,0.24567
5.3983,-4.3163,45.0,4606.73,0.243725
5.3983,-4.1327,45.0,4526.5,0.242018
5.3983,-3.949,45.0,4448.59,0.24045
5.3983,-3.7653,45.0,4372.51,0.239119
5.3983,-3.5816,45.0,4298.0,0.237801
5.3983,-3.398,45.0,4226.0,0.236819
5.3983,-3.2143,45.2206,4161.79,0.236039
5.3983,-3.0306,45.0,4086.82,0.235053
5.3983,-2.8469,45.4411,4030.67,0.234664
5.3983,-2.6633,45.0,3954.87,0.233768
5.3983,-2.4796,45.6617,3904.73,0.233665
5.3983,-2.2959,45.1103,3832.02,0.233044
5.3983,-2.1122,45.8822,3784.08,0.233038
5.3983,-1.9286,45.2206,3715.28,0.232724
5.3983,-1.7449,45.9925,3667.23,0.23269
5.3983,-1.5612,45.2206,3603.66,0.232732
5.3983,-1.3776,47.6466,3573.96,0.232661
5.3983,-1.1939,48.5288,3528.85,0.232664
5.3983,-1.0102,49.411,3484.2,0.232644
5.3983,-0.8265,50.4035,3441.97,0.232699
5.3983,-0.6429,51.2857,3398.25,0.232632
5.3983,-0.4592,52.2782,3357.07,0.232639
5.3983,-0.2755,53.2707,3316.42,0.23262
5.3983,-0.0918,54.2632,3276.26,0.232575
5.3983,0.0918,55.3659,3239.0,0.2326
5.3983,0.2755,56.3584,3199.84,0.232502
5.3983,0.4592,57.4612,3163.71,0.232473
5.3983,0.6429,58.5639,3128.15,0.232417
5.3983,0.8265,59.6667,3093.13,0.232333
5.3983,1.0102,60.8797,3061.57,0.232317
5.3983,1.1939,62.0927,3030.7,0.232274
5.3983,1.3776,63.1955,2997.3,0.232108
5.3983,1.5612,64.5188,2970.94,0.232106
5.3983,1.7449,65.7318,2941.98,0.231983
5.3983,1.9286,66.9449,2913.58,0.231833
5.3983,2.1122,68.2682,2889.47,0.231756
5.3983,2.2959,69.5915,2866.15,0.231654
5.3983,2.4796,70.9148,2843.6,0.231531
5.3983,2.6633,72.2381,2821.8,0.231385
5.3983,2.8469,73.6717,2805.14,0.231324
5.3983,3.0306,74.995,2784.95,0.23114
5.3983,3.2143,76.4286,2770.26,0.231047
5.3983,3.398,77.8622,2756.64,0.230942
5.3983,3.5816,79.1855,2738.89,0.23071
5.3983,3.7653,79.0752,2661.38,0.230655
5.3983,3.949,80.619,2652.6,0.230572
5.3983,4.1327,82.0526,2640.38,0.23038
5.3983,4.3163,83.5965,2634.4,0.230291
5.3983,4.5,85.0301,2624.58,0.23009
5.4831,-4.5,45.0,4713.75,0.249078
5.4831,-4.3163,45.0,4631.45,0.247136
5.4831,-4.1327,45.0,4551.21,0.245418
5.4831,-3.949,45.0,4473.12,0.24386
5.4831,-3.7653,45.0,4396.61,0.242541
5.4831,-3.5816,45.0,4322.35,0.241217
5.4831,-3.398,45.0,4249.88,0.240254
5.4831,-3.2143,45.0,4178.96,0.239132
5.4831,-3.0306,45.0,4110.48,0.238508
5.4831,-2.8469,45.2206,4048.61,0.237829
5.4831,-2.6633,45.0,3978.27,0.237251
5.4831,-2.4796,45.3308,3920.95,0.236772
5.4831,-2.2959,45.0,3853.17,0.236449
5.4831,-2.1122,45.5514,3801.36,0.236226
5.4831,-1.9286,45.0,3735.11,0.236086
5.4831,-1.7449,45.6617,3685.54,0.235958
5.4831,-1.5612,46.4336,3637.77,0.235912
5.4831,-1.3776,47.3158,3591.98,0.235944
5.4831,-1.1939,48.198,3546.71,0.235955
5.4831,-1.0102,49.0802,3501.93,0.235944
5.4831,-0.8265,49.9624,3457.61,0.235911
5.4831,-0.6429,50.9549,3415.68,0.235951
5.4831,-0.4592,51.8371,3372.29,0.235871
5.4831,-0.2755,52.8296,3331.4,0.235863
5.4831,-0.0918,53.8221,3291.04,0.235829
5.4831,0.0918,54.9248,3253.5,0.235865
5.4831,0.2755,55.9173,3214.19,0.23578
5.4831,0.4592,57.0201,3177.82,0.235762
5.4831,0.6429,58.1228,3142.06,0.235718
5.4831,0.8265,59.2256,3106.85,0.235647
5.4831,1.0102,60.3283,3072.18,0.23555
5.4831,1.1939,61.5414,3040.96,0.235518
5.4831,1.3776,62.7544,3010.43,0.23546
5.4831,1.5612,63.9674,2980.55,0.235375
5.4831,1.7449,65.1805,2951.31,0.235264
5.4831,1.9286,66.3935,2922.66,0.235127
5.4831,2.1122,67.7168,2898.18,0.23506
5.4831,2.2959,69.0401,2874.51,0.234969
5.4831,2.4796,70.3634,2851.64,0.234856
5.4831,2.6633,71.6867,2829.54,0.234721
5.4831,2.8469,73.01,2808.19,0.234566
5.4831,3.0306,74.4436,2791.99,0.234493
5.4831,3.2143,75.7669,2772.25,0.2343
5.4831,3.398,77.2005,2758.02,0.234198
5.4831,3.5816,78.6341,2744.89,0.234084
5.4831,3.7653,80.0677,2732.86,0.233962
5.4831,3.949,81.5013,2721.95,0.233832
5.4831,4.1327,82.9348,2712.2,0.233697
5.4831,4.3163,82.9348,2635.81,0.233658
5.4831,4.5,84.3684,2625.46,0.233459
5.5678,-4.5,45.0,4738.64,0.252492
5.5678,-4.3163,45.0,4656.06,0.250606
5.5678,-4.1327,45.0,4575.89,0.248824
5.5678,-3.949,45.0,4497.4,0.247275
5.5678,-3.7653,45.0,4420.81,0.245828
5.5678,-3.5816,45.0,4346.43,0.244638
5.5678,-3.398,45.0,4273.5,0.243693
5.5678,-3.2143,45.0,4202.84,0.242566
5.5678,-3.0306,45.0,4133.85,0.241967
5.5678,-2.8469,45.0,4066.49,0.240998
5.5678,-2.6633,45.0,4001.37,0.240738
5.5678,-2.4796,45.0,3937.28,0.239888
5.5678,-2.2959,45.7719,3889.65,0.239909
5.5678,-2.1122,45.2206,3818.72,0.239422
5.5678,-1.9286,45.9925,3770.9,0.239412
5.5678,-1.7449,45.2206,3702.57,0.239135
5.5678,-1.5612,46.1028,3656.02,0.239194
5.5678,-1.3776,46.8747,3608.53,0.239137
5.5678,-1.1939,47.7569,3563.0,0.239155
5.5678,-1.0102,48.6391,3517.99,0.239153
5.5678,-0.8265,49.5213,3473.46,0.239129
5.5678,-0.6429,50.5138,3431.23,0.239178
5.5678,-0.4592,51.396,3387.67,0.239109
5.5678,-0.2755,52.3885,3346.54,0.239111
5.5678,-0.0918,53.381,3305.96,0.239088
5.5678,0.0918,54.3734,3265.9,0.239041
5.5678,0.2755,55.4762,3228.64,0.23906
5.5678,0.4592,56.5789,3192.03,0.239054
5.5678,0.6429,57.5714,3153.52,0.23893
5.5678,0.8265,58.7845,3120.64,0.238963
5.5678,1.0102,59.8872,3085.8,0.238878
5.5678,1.1939,60.99,3051.48,0.238767
5.5678,1.3776,62.203,3020.6,0.23872
5.5678,1.5612,63.416,2990.41,0.238648
5.5678,1.7449,64.6291,2960.87,0.238549
5.5678,1.9286,65.8421,2931.96,0.238425
5.5678,2.1122,67.1654,2907.09,0.238368
5.5678,2.2959,68.4887,2883.07,0.238287
5.5678,2.4796,69.812,2859.86,0.238184
5.5678,2.6633,71.1353,2837.44,0.23806
5.5678,2.8469,72.4586,2815.8,0.237914
5.5678,3.0306,73.782,2794.9,0.237749
5.5678,3.2143,75.2155,2779.17,0.237665
5.5678,3.398,76.6491,2764.53,0.237569
5.5678,3.5816,78.0827,2751.0,0.237461
5.5678,3.7653,79.5163,2738.58,0.237343
5.5678,3.949,80.9499,2727.28,0.237218
5.5678,4.1327,82.3835,2717.13,0.237087
5.5678,4.3163,83.817,2708.16,0.236952
5.5678,4.5,85.2506,2700.4,0.236816
5.6525,-4.5,45.0,4763.32,0.255927
5.6525,-4.3163,45.0,4680.89,0.254014
5.6525,-4.1327,45.0,4600.35,0.252236
5.6525,-3.949,45.1103,4526.44,0.250902
5.6525,-3.7653,45.0,4445.08,0.24924
5.6525,-3.5816,45.0,4370.27,0.248063
5.6525,-3.398,45.0,4297.27,0.246838
5.6525,-3.2143,45.0,4226.45,0.246005
5.6525,-3.0306,45.1103,4160.01,0.245119
5.6525,-2.8469,45.0,4089.87,0.244457
5.6525,-2.6633,45.3308,4031.58,0.243959
5.6525,-2.4796,45.0,3960.38,0.243376
5.6525,-2.2959,45.4411,3905.96,0.243042
5.6525,-2.1122,45.0,3837.91,0.242733
5.6525,-1.9286,45.6617,3788.22,0.242623
5.6525,-1.7449,45.0,3722.36,0.242515
5.6525,-1.5612,45.6617,3673.02,0.242388
5.6525,-1.3776,46.5439,3626.73,0.242433
5.6525,-1.1939,47.4261,3581.01,0.242458
5.6525,-1.0102,48.3083,3535.83,0.242463
5.6525,-0.8265,49.1905,3491.16,0.242448
5.6525,-0.6429,50.0727,3446.97,0.242411
5.6525,-0.4592,51.0652,3405.07,0.242445
5.6525,-0.2755,51.9474,3361.85,0.242364
5.6525,-0.0918,52.9398,3321.03,0.242351
5.6525,0.0918,53.9323,3280.76,0.242315
5.6525,0.2755,55.0351,3243.21,0.242344
5.6525,0.4592,56.0276,3204.03,0.242259
5.6525,0.6429,57.1303,3167.7,0.242238
5.6525,0.8265,58.2331,3131.98,0.242191
5.6525,1.0102,59.3358,3096.85,0.242119
5.6525,1.1939,60.5489,3064.99,0.242109
5.6525,1.3776,61.6516,3031.03,0.241985
5.6525,1.5612,62.8647,3000.51,0.241924
5.6525,1.7449,64.0777,2970.66,0.241837
5.6525,1.9286,65.401,2944.67,0.241815
5.6525,2.1122,66.614,2916.21,0.241678
5.6525,2.2959,67.9373,2891.82,0.241608
5.6525,2.4796,69.2607,2868.26,0.241515
5.6525,2.6633,70.584,2845.52,0.241401
5.6525,2.8469,71.9073,2823.56,0.241265
5.6525,3.0306,73.2306,2802.38,0.241109
5.6525,3.2143,74.6642,2786.22,0.241033
5.6525,3.398,75.9875,2766.7,0.240842
5.6525,3.5816,77.4211,2752.55,0.240736
5.6525,3.7653,78.8546,2739.51,0.24062
5.6525,3.949,80.2882,2727.59,0.240495
5.6525,4.1327,81.7218,2716.81,0.240364
5.6525,4.3163,83.1554,2707.19,0.240227
5.6525,4.5,84.6992,2704.64,0.240213
5.7373,-4.5,45.0,4788.19,0.259434
5.7373,-4.3163,45.0,4705.52,0.257426
5.7373,-4.1327,45.0,4624.6,0.255652
5.7373,-3.949,45.0,4545.88,0.254057
5.7373,-3.7653,45.0,4469.11,0.252655
5.7373,-3.5816,45.1103,4398.11,0.251527
5.7373,-3.398,45.0,4321.09,0.250262
5.7373,-3.2143,45.0,4249.8,0.249447
5.7373,-3.0306,45.0,4180.36,0.248401
5.7373,-2.8469,45.0,4112.95,0.247921
5.7373,-2.6633,45.0,4046.78,0.247017
5.7373,-2.4796,45.0,3983.18,0.246869
5.7373,-2.2959,45.2206,3924.54,0.246301
5.7373,-2.1122,45.0,3860.38,0.246264
5.7373,-1.9286,45.3308,3805.63,0.245842
5.7373,-1.7449,46.1028,3757.92,0.245827
5.7373,-1.5612,45.3308,3691.49,0.245685
5.7373,-1.3776,46.213,3644.98,0.245735
5.7373,-1.1939,46.985,3597.68,0.245674
5.7373,-1.0102,47.8672,3552.23,0.245686
5.7373,-0.8265,48.7494,3507.32,0.245679
5.7373,-0.6429,49.6316,3462.91,0.245651
5.7373,-0.4592,50.6241,3420.71,0.245692
5.7373,-0.2755,51.5063,3377.32,0.245622
5.7373,-0.0918,52.4987,3336.25,0.245619
5.7373,0.0918,53.4912,3295.76,0.245592
5.7373,0.2755,54.594,3257.9,0.245631
5.7373,0.4592,55.5865,3218.55,0.245557
5.7373,0.6429,56.6892,3181.96,0.245547
5.7373,0.8265,57.792,3146.02,0.245511
5.7373,1.0102,58.8947,3110.69,0.245451
5.7373,1.1939,59.9975,3075.94,0.245365
5.7373,1.3776,61.2105,3044.45,0.24534
5.7373,1.5612,62.4236,3013.69,0.245291
5.7373,1.7449,63.5263,2980.69,0.245128
5.7373,1.9286,64.8496,2954.27,0.245116
5.7373,2.1122,66.0627,2925.54,0.244991
5.7373,2.2959,67.386,2900.77,0.244931
5.7373,2.4796,68.599,2873.36,0.244759
5.7373,2.6633,69.9223,2850.13,0.244653
5.7373,2.8469,72.8997,2887.48,0.244611
5.7373,3.0306,72.6792,2810.0,0.244472
5.7373,3.2143,74.0025,2789.29,0.244307
5.7373,3.398,75.4361,2773.63,0.244221
5.7373,3.5816,76.8697,2759.07,0.244121
5.7373,3.7653,78.3033,2745.63,0.244011
5.7373,3.949,79.7368,2733.31,0.24389
5.7373,4.1327,81.1704,2722.14,0.243763
5.7373,4.3163,82.604,2712.12,0.24363
5.7373,4.5,84.0376,2703.3,0.243493
5.822,-4.5,45.0,4812.98,0.262851
5.822,-4.3163,45.0,4729.95,0.260843
5.822,-4.1327,45.0,4648.89,0.259091
5.822,-3.949,45.0,4570.09,0.257468
5.822,-3.7653,45.0,4492.91,0.256075
5.822,-3.5816,45.0,4417.81,0.254731
5.822,-3.398,45.0,4344.67,0.253689
5.822,-3.2143,45.0,4272.89,0.252554
5.822,-3.0306,45.0,4203.7,0.251843
5.822,-2.8469,45.2206,4141.36,0.251167
5.822,-2.6633,45.0,4069.87,0.250481
5.822,-2.4796,45.4411,4014.82,0.250141
5.822,-2.2959,45.0,3943.04,0.249564
5.822,-2.1122,45.6617,3893.34,0.249471
5.822,-1.9286,45.0,3823.13,0.249068
5.822,-1.7449,45.7719,3775.29,0.24906
5.822,-1.5612,45.0,3710.03,0.248989
5.822,-1.3776,45.7719,3662.09,0.248952
5.822,-1.1939,46.6541,3615.86,0.248989
5.822,-1.0102,47.5363,3570.23,0.249007
5.822,-0.8265,48.4185,3525.14,0.249007
5.822,-0.6429,49.3008,3480.59,0.248986
5.822,-0.4592,50.183,3436.54,0.248946
5.822,-0.2755,51.1754,3394.68,0.248973
5.822,-0.0918,52.0576,3351.64,0.248891
5.822,0.0918,53.0501,3310.9,0.248874
5.822,0.2755,54.1529,3272.72,0.248922
5.822,0.4592,55.1454,3233.18,0.248859
5.822,0.6429,56.2481,3196.33,0.248858
5.822,0.8265,57.2406,3157.86,0.248747
5.822,1.0102,58.3434,3122.21,0.248698
5.822,1.1939,61.2105,3129.69,0.248694
5.822,1.3776,60.6591,3055.29,0.248611
5.822,1.5612,63.5263,3067.51,0.248542
5.822,1.7449,64.7393,3039.01,0.248477
5.822,1.9286,65.9524,3011.15,0.248387
5.822,2.1122,65.5113,2935.08,0.248307
5.822,2.2959,68.4887,2961.15,0.248235
5.822,2.4796,68.0476,2882.27,0.248097
5.822,2.6633,71.0251,2913.93,0.247996
5.822,2.8469,70.6942,2835.93,0.247884
5.822,3.0306,73.6717,2873.91,0.247779
5.822,3.2143,73.4511,2796.78,0.247682
5.822,3.398,74.8847,2780.69,0.247602
5.822,3.5816,76.208,2761.39,0.247411
5.822,3.7653,77.6416,2747.34,0.247303
5.822,3.949,79.0752,2734.41,0.247185
5.822,4.1327,80.5088,2722.61,0.247058
5.822,4.3163,81.9424,2711.96,0.246925
5.822,4.5,83.3759,2702.5,0.246787
5.9068,-4.5,45.0,4837.59,0.266273
5.9068,-4.3163,45.1103,4760.16,0.264665
5.9068,-4.1327,45.0,4673.27,0.262502
5.9068,-3.949,45.0,4594.09,0.260884
5.9068,-3.7653,45.0,4516.67,0.25941
5.9068,-3.5816,45.0,4441.59,0.258149
5.9068,-3.398,45.0,4368.0,0.25712
5.9068,-3.2143,45.0,4296.46,0.255981
5.9068,-3.0306,45.0,4226.78,0.255289
5.9068,-2.8469,45.0,4158.52,0.254315
5.9068,-2.6633,45.0,4092.68,0.253949
5.9068,-2.4796,45.1103,4030.14,0.253228
5.9068,-2.2959,45.0,3965.55,0.253062
5.9068,-2.1122,45.3308,3909.73,0.252635
5.9068,-1.9286,45.0,3845.29,0.252605
5.9068,-1.7449,45.3308,3791.18,0.252202
5.9068,-1.5612,46.213,3745.16,0.25228
5.9068,-1.3776,46.985,3697.97,0.252242
5.9068,-1.1939,46.213,3632.92,0.25222
5.9068,-1.0102,47.0952,3586.99,0.252244
5.9068,-0.8265,47.9774,3541.64,0.25225
5.9068,-0.6429,48.8596,3496.84,0.252237
5.9068,-0.4592,49.7419,3452.56,0.252205
5.9068,-0.2755,50.7343,3410.4,0.25224
5.9068,-0.0918,51.6165,3367.18,0.252167
5.9068,0.0918,52.609,3326.19,0.25216
5.9068,0.2755,53.6015,3285.8,0.25213
5.9068,0.4592,56.3584,3280.06,0.252133
5.9068,0.6429,55.6967,3208.72,0.252087
5.9068,0.8265,56.7995,3172.18,0.252073
5.9068,1.0102,57.9023,3136.3,0.252034
5.9068,1.1939,59.005,3101.05,0.251972
5.9068,1.3776,61.8722,3108.86,0.251889
5.9068,1.5612,61.3208,3034.9,0.251856
5.9068,1.7449,62.5338,3004.17,0.251804
5.9068,1.9286,65.5113,3022.69,0.251726
5.9068,2.1122,66.7243,2995.26,0.251624
5.9068,2.2959,67.9373,2968.43,0.251498
5.9068,2.4796,67.4962,2891.36,0.251436
5.9068,2.6633,68.8195,2867.42,0.251351
5.9068,2.8469,71.797,2899.8,0.251186
5.9068,3.0306,73.1203,2879.84,0.251077
5.9068,3.2143,74.5539,2865.34,0.251056
5.9068,3.398,74.2231,2783.9,0.250893
5.9068,3.5816,77.2005,2829.73,0.250758
5.9068,3.7653,77.0902,2753.86,0.250701
5.9068,3.949,78.4135,2735.97,0.250582
5.9068,4.1327,81.391,2793.55,0.250453
5.9068,4.3163,81.391,2717.29,0.250337
5.9068,4.5,82.8246,2707.42,0.250202
5.9915,-4.5,45.0,4862.01,0.2697
5.9915,-4.3163,45.0,4778.72,0.267762
5.9915,-4.1327,45.0,4697.46,0.265918
5.9915,-3.949,45.0,4617.88,0.264303
5.9915,-3.7653,45.0,4540.64,0.262822
5.9915,-3.5816,45.0,4465.14,0.26157
5.9915,-3.398,45.0,4391.29,0.260326
5.9915,-3.2143,45.0,4319.78,0.25941
5.9915,-3.0306,45.2206,4256.18,0.258684
5.9915,-2.8469,45.0,4181.61,0.257761
5.9915,-2.6633,45.4411,4126.01,0.257411
5.9915,-2.4796,45.0,4050.46,0.256572
5.9915,-2.2959,45.5514,3998.34,0.256372
5.9915,-2.1122,45.0,3926.23,0.255808
5.9915,-1.9286,45.7719,3878.69,0.255824
5.9915,-1.7449,45.0,3808.81,0.255451
5.9915,-1.5612,45.8822,3762.55,0.255534
5.9915,-1.3776,45.0,3698.09,0.255502
5.9915,-1.1939,47.4261,3668.32,0.255453
5.9915,-1.0102,48.3083,3623.54,0.25548
5.9915,-0.8265,49.1905,3579.25,0.255486
5.9915,-0.6429,50.0727,3535.43,0.255472
5.9915,-0.4592,51.0652,3494.11,0.25553
5.9915,-0.2755,51.9474,3451.25,0.255472
5.9915,-0.0918,52.9398,3411.0,0.255486
5.9915,0.0918,52.1679,3341.65,0.255449
5.9915,0.2755,53.1604,3301.0,0.255429
5.9915,0.4592,55.9173,3293.39,0.255387
5.9915,0.6429,57.0201,3257.74,0.255398
5.9915,0.8265,58.0125,3220.01,0.255293
5.9915,1.0102,59.1153,3185.48,0.255255
5.9915,1.1939,60.3283,3154.45,0.255284
5.9915,1.3776,61.4311,3121.12,0.255197
5.9915,1.5612,62.5338,3088.29,0.255085
5.9915,1.7449,63.7469,3059.22,0.255041
5.9915,1.9286,64.9599,3030.83,0.254972
5.9915,2.1122,66.1729,3003.09,0.25488
5.9915,2.2959,67.4962,2979.66,0.25486
5.9915,2.4796,68.7093,2953.27,0.254723
5.9915,2.6633,70.0326,2931.44,0.25466
5.9915,2.8469,71.2456,2906.3,0.25448
5.9915,3.0306,72.5689,2885.98,0.254378
5.9915,3.2143,72.2381,2808.52,0.254348
5.9915,3.398,75.3258,2852.45,0.254227
5.9915,3.5816,76.6491,2834.71,0.254078
5.9915,3.7653,76.4286,2756.31,0.254008
5.9915,3.949,79.406,2806.89,0.253851
5.9915,4.1327,79.2957,2729.56,0.253777
5.9915,4.3163,80.7293,2717.9,0.253649
5.9915,4.5,82.1629,2707.41,0.253514
6.0763,-4.5,45.0,4886.52,0.273255
6.0763,-4.3163,45.0,4803.09,0.271181
6.0763,-4.1327,45.0,4721.45,0.269337
6.0763,-3.949,45.0,4641.86,0.267709
6.0763,-3.7653,45.0,4564.39,0.266237
6.0763,-3.5816,45.0,4488.47,0.264994
6.0763,-3.398,45.0,4414.82,0.263745
6.0763,-3.2143,45.0,4342.86,0.262844
6.0763,-3.0306,45.0,4272.52,0.261786
6.0763,-2.8469,45.0,4204.43,0.26121
6.0763,-2.6633,45.1103,4140.19,0.26044
6.0763,-2.4796,45.0,4073.01,0.260045
6.0763,-2.2959,45.3308,4016.17,0.259605
6.0763,-2.1122,45.0,3948.46,0.259312
6.0763,-1.9286,45.4411,3895.16,0.259011
6.0763,-1.7449,45.0,3830.67,0.258995
6.0763,-1.5612,45.4411,3778.59,0.2587
6.0763,-1.3776,46.3233,3732.59,0.258769
6.0763,-1.1939,47.0952,3685.56,0.258727
6.0763,-1.0102,47.9774,3640.59,0.25876
6.0763,-0.8265,48.8596,3596.14,0.258773
6.0763,-0.6429,49.7419,3552.18,0.258766
6.0763,-0.4592,50.6241,3508.69,0.258739
6.0763,-0.2755,51.5063,3465.64,0.258692
6.0763,-0.0918,52.4987,3425.13,0.258714
6.0763,0.0918,53.4912,3385.18,0.258713
6.0763,0.2755,54.4837,3345.77,0.25869
6.0763,0.4592,55.4762,3306.86,0.258644
6.0763,0.6429,56.5789,3270.94,0.258664
6.0763,0.8265,57.5714,3233.06,0.258571
6.0763,1.0102,58.6742,3198.3,0.258544
6.0763,1.1939,59.7769,3164.12,0.258492
6.0763,1.3776,60.99,3133.45,0.258506
6.0763,1.5612,62.0927,3100.47,0.258406
6.0763,1.7449,63.3058,3071.15,0.258371
6.0763,1.9286,64.5188,3042.54,0.258314
6.0763,2.1122,65.7318,3014.61,0.258233
6.0763,2.2959,66.9449,2987.32,0.258129
6.0763,2.4796,68.1579,2960.64,0.258002
6.0763,2.6633,69.4812,2938.41,0.257948
6.0763,2.8469,70.8045,2917.04,0.257874
6.0763,3.0306,72.0175,2892.35,0.257684
6.0763,3.2143,73.4511,2876.83,0.257671
6.0763,3.398,74.7744,2857.96,0.257545
6.0763,3.5816,76.0977,2839.9,0.257402
6.0763,3.7653,77.5313,2827.56,0.257352
6.0763,3.949,78.8546,2811.28,0.257184
6.0763,4.1327,78.6341,2731.25,0.257097
6.0763,4.3163,80.0677,2718.99,0.25697
6.0763,4.5,81.6115,2712.72,0.256937
6.161,-4.5,45.0,4911.06,0.276681
6.161,-4.3163,45.0,4827.28,0.274605
6.161,-4.1327,45.0,4745.34,0.272814
6.161,-3.949,45.0,4665.81,0.271124
6.161,-3.7653,45.0,4587.94,0.269657
6.161,-3.5816,45.0,4511.97,0.268287
6.161,-3.398,45.0,4438.13,0.267167
6.161,-3.2143,45.1103,4369.37,0.266196
6.161,-3.0306,45.0,4295.6,0.265219
6.161,-2.8469,45.0,4227.0,0.264664
6.161,-2.6633,45.0,4160.14,0.263752
6.161,-2.4796,45.0,4095.28,0.263521
6.161,-2.2959,45.0,4031.63,0.262724
6.161,-2.1122,45.7719,3984.49,0.262765
6.161,-1.9286,45.1103,3911.73,0.262205
6.161,-1.7449,45.8822,3864.28,0.262216
6.161,-1.5612,45.1103,3796.26,0.261969
6.161,-1.3776,45.8822,3748.6,0.26195
6.161,-1.1939,46.7644,3702.86,0.262006
6.161,-1.0102,47.5363,3656.11,0.261953
6.161,-0.8265,48.4185,3611.39,0.261973
6.161,-0.6429,49.3008,3567.19,0.261974
6.161,-0.4592,50.183,3523.49,0.261956
6.161,-0.2755,51.1754,3482.17,0.262006
6.161,-0.0918,52.0576,3439.45,0.261947
6.161,0.0918,53.0501,3399.24,0.261955
6.161,0.2755,54.0426,3359.6,0.261941
6.161,0.4592,55.0351,3320.48,0.261905
6.161,0.6429,56.1378,3284.27,0.261934
6.161,0.8265,57.1303,3246.23,0.261852
6.161,1.0102,58.2331,3211.23,0.261834
6.161,1.1939,59.3358,3176.84,0.261793
6.161,1.3776,60.4386,3143.03,0.261728
6.161,1.5612,61.6516,3112.71,0.261727
6.161,1.7449,62.7544,3080.08,0.261614
6.161,1.9286,63.9674,3051.11,0.261566
6.161,2.1122,65.1805,3022.84,0.261495
6.161,2.2959,66.3935,2995.23,0.261402
6.161,2.4796,67.6065,2968.27,0.261286
6.161,2.6633,68.9298,2945.63,0.261239
6.161,2.8469,70.2531,2923.86,0.261173
6.161,3.0306,71.5764,2902.97,0.261088
6.161,3.2143,72.8997,2882.91,0.260985
6.161,3.398,74.2231,2863.69,0.260866
6.161,3.5816,75.5464,2845.29,0.26073
6.161,3.7653,76.8697,2827.7,0.26058
6.161,3.949,78.3033,2815.86,0.260522
6.161,4.1327,79.7368,2805.25,0.260457
6.161,4.3163,81.0602,2790.46,0.260275
6.161,4.5,82.4937,2782.12,0.2602
6.2458,-4.5,45.0,4935.45,0.280113
6.2458,-4.3163,45.0,4851.28,0.278034
6.2458,-4.1327,45.0,4769.47,0.276231
6.2458,-3.949,45.0,4689.57,0.274542
6.2458,-3.7653,45.1103,4616.27,0.273281
6.2458,-3.5816,45.0,4535.49,0.271703
6.2458,-3.398,45.0,4461.22,0.270593
6.2458,-3.2143,45.0,4388.78,0.269435
6.2458,-3.0306,45.0,4318.43,0.268654
6.2458,-2.8469,45.1103,4252.51,0.267823
6.2458,-2.6633,45.0,4182.71,0.267205
6.2458,-2.4796,45.2206,4122.16,0.266614
6.2458,-2.2959,45.0,4053.91,0.266201
6.2458,-2.1122,45.4411,3999.93,0.265899
6.2458,-1.9286,45.0,3931.89,0.265612
6.2458,-1.7449,45.5514,3880.81,0.265424
6.2458,-1.5612,46.3233,3833.6,0.265422
6.2458,-1.3776,45.5514,3766.2,0.265231
6.2458,-1.1939,46.4336,3720.23,0.265291
6.2458,-1.0102,47.2055,3673.37,0.265245
6.2458,-0.8265,48.0877,3628.46,0.265271
6.2458,-0.6429,48.9699,3584.09,0.265278
6.2458,-0.4592,49.8521,3540.24,0.265266
6.2458,-0.2755,50.7343,3496.87,0.265236
6.2458,-0.0918,51.7268,3455.88,0.265273
6.2458,0.0918,52.609,3413.49,0.265201
6.2458,0.2755,53.6015,3373.6,0.265196
6.2458,0.4592,54.594,3334.26,0.265169
6.2458,0.6429,55.6967,3297.75,0.265207
6.2458,0.8265,56.6892,3259.53,0.265135
6.2458,1.0102,57.792,3224.27,0.265127
6.2458,1.1939,58.8947,3189.65,0.265096
6.2458,1.3776,59.9975,3155.63,0.265041
6.2458,1.5612,61.1003,3122.19,0.264963
6.2458,1.7449,62.3133,3092.23,0.264948
6.2458,1.9286,63.416,3059.96,0.264824
6.2458,2.1122,64.6291,3031.34,0.264762
6.2458,2.2959,65.8421,3003.41,0.264679
6.2458,2.4796,67.1654,2979.58,0.264661
6.2458,2.6633,68.3784,2953.08,0.264534
6.2458,2.8469,69.7018,2930.92,0.264475
6.2458,3.0306,71.0251,2909.63,0.264398
6.2458,3.2143,72.3484,2889.21,0.264303
6.2458,3.398,73.6717,2869.63,0.264191
6.2458,3.5816,74.995,2850.89,0.264062
6.2458,3.7653,76.3183,2832.97,0.263919
6.2458,3.949,77.7519,2820.64,0.263863
6.2458,4.1327,79.0752,2804.53,0.263695
6.2458,4.3163,80.5088,2794.44,0.263624
6.2458,4.5,81.9424,2785.61,0.26355
6.3305,-4.5,45.0,4959.66,0.28355
6.3305,-4.3163,45.0,4875.45,0.281565
6.3305,-4.1327,45.0,4793.43,0.279652
6.3305,-3.949,45.0,4713.13,0.277964
6.3305,-3.7653,45.0,4634.99,0.27645
6.3305,-3.5816,45.0,4558.8,0.275122
6.3305,-3.398,45.1103,4488.37,0.274057
6.3305,-3.2143,45.0,4411.86,0.272859
6.3305,-3.0306,45.0,4341.03,0.272093
6.3305,-2.8469,45.0,4272.08,0.271106
6.3305,-2.6633,45.0,4205.04,0.270662
6.3305,-2.4796,45.0,4139.3,0.26981
6.3305,-2.2959,45.0,4075.93,0.269682
6.3305,-2.1122,45.1103,4015.5,0.269042
6.3305,-1.9286,45.8822,3968.41,0.269076
6.3305,-1.7449,45.2206,3897.46,0.26864
6.3305,-1.5612,45.9925,3850.1,0.268644
6.3305,-1.3776,45.2206,3783.89,0.268518
6.3305,-1.1939,45.9925,3736.38,0.268494
6.3305,-1.0102,46.8747,3690.68,0.268542
6.3305,-0.8265,47.6466,3644.11,0.268485
6.3305,-0.6429,48.5288,3599.47,0.268498
6.3305,-0.4592,49.411,3555.37,0.268494
6.3305,-0.2755,50.4035,3513.51,0.268557
6.3305,-0.0918,51.2857,3470.48,0.268515
6.3305,0.0918,52.2782,3429.82,0.268538
6.3305,0.2755,53.1604,3387.77,0.268455
6.3305,0.4592,54.1529,3348.2,0.268437
6.3305,0.6429,55.2556,3311.36,0.268483
6.3305,0.8265,56.2481,3272.96,0.268421
6.3305,1.0102,57.3509,3237.43,0.268422
6.3305,1.1939,58.3434,3200.07,0.268316
6.3305,1.3776,59.5564,3168.33,0.268356
6.3305,1.5612,60.6591,3134.69,0.268289
6.3305,1.7449,61.7619,3101.62,0.268198
6.3305,1.9286,62.9749,3072.02,0.268169
6.3305,2.1122,64.188,3043.17,0.268118
6.3305,2.2959,65.401,3015.03,0.268045
6.3305,2.4796,66.614,2987.58,0.267949
6.3305,2.6633,67.8271,2960.78,0.267832
6.3305,2.8469,69.1504,2938.21,0.267781
6.3305,3.0306,70.4737,2916.53,0.267711
6.3305,3.2143,71.797,2895.73,0.267624
6.3305,3.398,73.1203,2875.79,0.267519
6.3305,3.5816,74.4436,2856.69,0.267397
6.3305,3.7653,75.7669,2838.44,0.267261
6.3305,3.949,77.2005,2825.62,0.267209
6.3305,4.1327,78.5238,2809.2,0.267047
6.3305,4.3163,79.9574,2798.62,0.266978
6.3305,4.5,81.391,2789.3,0.266904
6.4153,-4.5,45.0,4983.84,0.287134
6.4153,-4.3163,45.0,4899.6,0.284992
6.4153,-4.1327,45.0,4817.2,0.283077
6.4153,-3.949,45.0,4736.71,0.28141
6.4153,-3.7653,45.0,4658.52,0.279866
6.4153,-3.5816,45.0,4581.91,0.278544
6.4153,-3.398,45.0,4507.35,0.27727
6.4153,-3.2143,45.0,4434.71,0.276285
6.4153,-3.0306,45.0,4363.45,0.275211
6.4153,-2.8469,45.0,4294.68,0.274544
6.4153,-2.6633,45.2206,4232.83,0.273913
6.4153,-2.4796,45.0,4161.62,0.273266
6.4153,-2.2959,45.4411,4107.04,0.272959
6.4153,-2.1122,45.0,4035.38,0.272413
6.4153,-1.9286,45.5514,3983.96,0.272233
6.4153,-1.7449,45.0,3915.81,0.271959
6.4153,-1.5612,45.6617,3866.7,0.271872
6.4153,-1.3776,46.4336,3819.6,0.271865
6.4153,-1.1939,45.6617,3754.0,0.271792
6.4153,-1.0102,46.4336,3706.79,0.271757
6.4153,-0.8265,47.3158,3661.38,0.271793
6.4153,-0.6429,48.198,3616.55,0.271812
6.4153,-0.4592,49.0802,3572.28,0.271813
6.4153,-0.2755,49.9624,3528.54,0.271797
6.4153,-0.0918,50.8446,3485.3,0.271762
6.4153,0.0918,51.8371,3444.34,0.271793
6.4153,0.2755,52.8296,3404.01,0.271803
6.4153,0.4592,53.8221,3364.29,0.271793
6.4153,0.6429,54.8145,3325.14,0.271762
6.4153,0.8265,55.807,3286.52,0.27171
6.4153,1.0102,56.9098,3250.72,0.27172
6.4153,1.1939,57.9023,3213.2,0.271624
6.4153,1.3776,59.005,3178.62,0.27159
6.4153,1.5612,60.1078,3144.66,0.271532
6.4153,1.7449,61.3208,3114.01,0.271535
6.4153,1.9286,62.4236,3081.32,0.271433
6.4153,2.1122,63.6366,3052.1,0.271391
6.4153,2.2959,64.8496,3023.61,0.271326
6.4153,2.4796,66.0627,2995.83,0.271241
6.4153,2.6633,67.2757,2968.72,0.271133
6.4153,2.8469,68.599,2945.74,0.27109
6.4153,3.0306,69.9223,2923.66,0.271028
6.4153,3.2143,72.7895,2958.15,0.27094
6.4153,3.398,72.5689,2882.16,0.27085
6.4153,3.5816,73.8922,2862.71,0.270736
6.4153,3.7653,75.2155,2844.1,0.270606
6.4153,3.949,76.5388,2826.34,0.270462
6.4153,4.1327,77.9724,2814.05,0.270402
6.4153,4.3163,79.406,2802.99,0.270335
6.4153,4.5,80.7293,2788.09,0.270158
6.5,-4.5,45.0,5008.18,0.290571
6.5,-4.3163,45.0,4923.59,0.288424
6.5,-4.1327,45.0,4840.8,0.286779
6.5,-3.949,45.0,4760.44,0.284828
6.5,-3.7653,45.0,4681.85,0.283287
6.5,-3.5816,45.0,4604.97,0.281886
6.5,-3.398,45.0,4530.44,0.280689
6.5,-3.2143,45.0,4457.35,0.279715
6.5,-3.0306,45.0,4386.3,0.278636
6.5,-2.8469,45.0,4317.04,0.277985
6.5,-2.6633,45.0,4249.22,0.277066
6.5,-2.4796,45.0,4183.7,0.276726
6.5,-2.2959,45.1103,4121.56,0.276049
6.5,-2.1122,45.0,4057.14,0.275898
6.5,-1.9286,45.2206,3999.64,0.275398
6.5,-1.7449,45.9925,3952.61,0.275426
6.5,-1.5612,45.3308,3883.41,0.275107
6.5,-1.3776,46.1028,3836.16,0.275106
6.5,-1.1939,46.8747,3789.32,0.275087
6.5,-1.0102,46.1028,3724.34,0.275066
6.5,-0.8265,48.5288,3698.66,0.275092
6.5,-0.6429,47.7569,3632.32,0.275045
6.5,-0.4592,48.6391,3587.78,0.275053
6.5,-0.2755,49.5213,3543.78,0.275043
6.5,-0.0918,50.5138,3501.94,0.275098
6.5,0.0918,51.396,3459.05,0.275052
6.5,0.2755,52.3885,3418.44,0.27507
6.5,0.4592,53.381,3378.46,0.275068
6.5,0.6429,54.3734,3339.06,0.275045
6.5,0.8265,55.3659,3300.24,0.275002
6.5,1.0102,56.3584,3261.95,0.274938
6.5,1.1939,57.4612,3226.45,0.274935
6.5,1.3776,58.5639,3191.62,0.274909
6.5,1.5612,59.6667,3157.44,0.274861
6.5,1.7449,60.7694,3123.88,0.274792
6.5,1.9286,63.6366,3136.96,0.274749
6.5,2.1122,64.8496,3109.5,0.274718
6.5,2.2959,64.2982,3032.45,0.274612
6.5,2.4796,65.5113,3004.33,0.274535
6.5,2.6633,68.4887,3031.24,0.274501
6.5,2.8469,68.0476,2953.5,0.274402
6.5,3.0306,69.3709,2931.01,0.274348
6.5,3.2143,70.6942,2909.43,0.274275
6.5,3.398,73.5614,2944.69,0.274134
6.5,3.5816,74.8847,2927.24,0.274051
6.5,3.7653,74.6642,2849.97,0.273954
6.5,3.949,75.9875,2831.87,0.273816
6.5,4.1327,77.4211,2819.09,0.27376
6.5,4.3163,78.7444,2802.85,0.273598
6.5,4.5,80.1779,2792.33,0.273524
